runID,random,runNumber,msgOutLevel,worldx,worldy,centerx,centery,buyer,seller,maxBiddingTries,unitTransportCost,neighborhoodSize,budget,sdbudget,search,bid,agr,util,sdp,range,steps,luFile,tpFile,lufile2,tpFile2,agents
1,51,1,0,61,61,31,31,400,3721,2,1,2,160,0,4000,1,0,0.5,0,0.75,2,lu_s_2011_11_23_11_12_52_532_2_1.asc,tprice_2011_11_23_11_12_52_648_2_1.asc,lu_s_2011_11_23_11_12_52_591_2_1.asc,tprice_2011_11_23_11_12_52_689_2_1.asc,trans_2011_11_23_11_12_43_579.csv
2,51,1,0,61,61,31,31,400,3721,2,1,2,160,0,4000,1,0,0.5,0.1,0.75,2,lu_s_2011_11_23_11_13_00_070_2_1.asc,tprice_2011_11_23_11_13_00_108_2_1.asc,lu_s_2011_11_23_11_13_00_105_2_1.asc,tprice_2011_11_23_11_13_00_116_2_1.asc,trans_2011_11_23_11_12_53_138.csv
3,51,1,0,61,61,31,31,400,3721,2,1,2,160,0,4000,1,0,0.5,0.2,0.75,2,lu_s_2011_11_23_11_13_07_084_2_1.asc,tprice_2011_11_23_11_13_07_119_2_1.asc,lu_s_2011_11_23_11_13_07_116_2_1.asc,tprice_2011_11_23_11_13_07_125_2_1.asc,trans_2011_11_23_11_13_00_126.csv
4,51,1,0,61,61,31,31,400,3721,2,1,2,160,0,4000,1,0,0.5,0.3,0.75,2,lu_s_2011_11_23_11_13_13_158_2_1.asc,tprice_2011_11_23_11_13_13_194_2_1.asc,lu_s_2011_11_23_11_13_13_188_2_1.asc,tprice_2011_11_23_11_13_13_199_2_1.asc,trans_2011_11_23_11_13_07_134.csv
5,51,1,0,61,61,31,31,400,3721,2,1,2,160,0,4000,1,0,0.5,0.4,0.75,2,lu_s_2011_11_23_11_13_19_617_2_1.asc,tprice_2011_11_23_11_13_19_673_2_1.asc,lu_s_2011_11_23_11_13_19_656_2_1.asc,tprice_2011_11_23_11_13_19_690_2_1.asc,trans_2011_11_23_11_13_13_220.csv
6,51,1,0,61,61,31,31,400,3721,2,1,2,160,0,4000,1,0,0.5,0.5,0.75,2,lu_s_2011_11_23_11_13_26_139_2_1.asc,tprice_2011_11_23_11_13_26_174_2_1.asc,lu_s_2011_11_23_11_13_26_171_2_1.asc,tprice_2011_11_23_11_13_26_178_2_1.asc,trans_2011_11_23_11_13_19_712.csv
7,51,1,0,61,61,31,31,400,3721,2,1,2,160,10,4000,1,0,0.5,0,0.75,2,lu_s_2011_11_23_11_13_32_514_2_1.asc,tprice_2011_11_23_11_13_32_545_2_1.asc,lu_s_2011_11_23_11_13_32_542_2_1.asc,tprice_2011_11_23_11_13_32_549_2_1.asc,trans_2011_11_23_11_13_26_190.csv
8,51,1,0,61,61,31,31,400,3721,2,1,2,160,10,4000,1,0,0.5,0.1,0.75,2,lu_s_2011_11_23_11_13_39_520_2_1.asc,tprice_2011_11_23_11_13_39_568_2_1.asc,lu_s_2011_11_23_11_13_39_558_2_1.asc,tprice_2011_11_23_11_13_39_572_2_1.asc,trans_2011_11_23_11_13_32_562.csv
9,51,1,0,61,61,31,31,400,3721,2,1,2,160,10,4000,1,0,0.5,0.2,0.75,2,lu_s_2011_11_23_11_13_47_067_2_1.asc,tprice_2011_11_23_11_13_47_145_2_1.asc,lu_s_2011_11_23_11_13_47_142_2_1.asc,tprice_2011_11_23_11_13_47_148_2_1.asc,trans_2011_11_23_11_13_39_587.csv
10,51,1,0,61,61,31,31,400,3721,2,1,2,160,10,4000,1,0,0.5,0.3,0.75,2,lu_s_2011_11_23_11_13_53_596_2_1.asc,tprice_2011_11_23_11_13_53_638_2_1.asc,lu_s_2011_11_23_11_13_53_634_2_1.asc,tprice_2011_11_23_11_13_53_642_2_1.asc,trans_2011_11_23_11_13_47_169.csv
11,51,1,0,61,61,31,31,400,3721,2,1,2,160,10,4000,1,0,0.5,0.4,0.75,2,lu_s_2011_11_23_11_13_59_942_2_1.asc,tprice_2011_11_23_11_14_00_209_2_1.asc,lu_s_2011_11_23_11_14_00_206_2_1.asc,tprice_2011_11_23_11_14_00_213_2_1.asc,trans_2011_11_23_11_13_53_654.csv
12,51,1,0,61,61,31,31,400,3721,2,1,2,160,10,4000,1,0,0.5,0.5,0.75,2,lu_s_2011_11_23_11_14_08_621_2_1.asc,tprice_2011_11_23_11_14_08_652_2_1.asc,lu_s_2011_11_23_11_14_08_645_2_1.asc,tprice_2011_11_23_11_14_08_657_2_1.asc,trans_2011_11_23_11_14_00_224.csv
13,51,1,0,61,61,31,31,400,3721,2,1,2,160,20,4000,1,0,0.5,0,0.75,2,lu_s_2011_11_23_11_14_16_236_2_1.asc,tprice_2011_11_23_11_14_16_255_2_1.asc,lu_s_2011_11_23_11_14_16_252_2_1.asc,tprice_2011_11_23_11_14_16_258_2_1.asc,trans_2011_11_23_11_14_08_668.csv
14,51,1,0,61,61,31,31,400,3721,2,1,2,160,20,4000,1,0,0.5,0.1,0.75,2,lu_s_2011_11_23_11_14_22_223_2_1.asc,tprice_2011_11_23_11_14_22_259_2_1.asc,lu_s_2011_11_23_11_14_22_256_2_1.asc,tprice_2011_11_23_11_14_22_262_2_1.asc,trans_2011_11_23_11_14_16_273.csv
15,51,1,0,61,61,31,31,400,3721,2,1,2,160,20,4000,1,0,0.5,0.2,0.75,2,lu_s_2011_11_23_11_14_28_717_2_1.asc,tprice_2011_11_23_11_14_28_879_2_1.asc,lu_s_2011_11_23_11_14_28_828_2_1.asc,tprice_2011_11_23_11_14_28_883_2_1.asc,trans_2011_11_23_11_14_22_277.csv
16,51,1,0,61,61,31,31,400,3721,2,1,2,160,20,4000,1,0,0.5,0.3,0.75,2,lu_s_2011_11_23_11_14_36_033_2_1.asc,tprice_2011_11_23_11_14_36_058_2_1.asc,lu_s_2011_11_23_11_14_36_055_2_1.asc,tprice_2011_11_23_11_14_36_062_2_1.asc,trans_2011_11_23_11_14_28_896.csv
17,51,1,0,61,61,31,31,400,3721,2,1,2,160,20,4000,1,0,0.5,0.4,0.75,2,lu_s_2011_11_23_11_14_43_183_2_1.asc,tprice_2011_11_23_11_14_43_188_2_1.asc,lu_s_2011_11_23_11_14_43_185_2_1.asc,tprice_2011_11_23_11_14_43_191_2_1.asc,trans_2011_11_23_11_14_36_078.csv
18,51,1,0,61,61,31,31,400,3721,2,1,2,160,20,4000,1,0,0.5,0.5,0.75,2,lu_s_2011_11_23_11_14_50_196_2_1.asc,tprice_2011_11_23_11_14_50_202_2_1.asc,lu_s_2011_11_23_11_14_50_200_2_1.asc,tprice_2011_11_23_11_14_50_205_2_1.asc,trans_2011_11_23_11_14_43_222.csv
19,51,1,0,61,61,31,31,400,3721,2,1,2,160,30,4000,1,0,0.5,0,0.75,2,lu_s_2011_11_23_11_14_56_916_2_1.asc,tprice_2011_11_23_11_14_56_920_2_1.asc,lu_s_2011_11_23_11_14_56_918_2_1.asc,tprice_2011_11_23_11_14_56_954_2_1.asc,trans_2011_11_23_11_14_50_214.csv
20,51,1,0,61,61,31,31,400,3721,2,1,2,160,30,4000,1,0,0.5,0.1,0.75,2,lu_s_2011_11_23_11_15_03_415_2_1.asc,tprice_2011_11_23_11_15_03_421_2_1.asc,lu_s_2011_11_23_11_15_03_418_2_1.asc,tprice_2011_11_23_11_15_03_424_2_1.asc,trans_2011_11_23_11_14_56_963.csv
21,51,1,0,61,61,31,31,400,3721,2,1,2,160,30,4000,1,0,0.5,0.2,0.75,2,lu_s_2011_11_23_11_15_10_365_2_1.asc,tprice_2011_11_23_11_15_10_373_2_1.asc,lu_s_2011_11_23_11_15_10_370_2_1.asc,tprice_2011_11_23_11_15_10_377_2_1.asc,trans_2011_11_23_11_15_03_444.csv
22,51,1,0,61,61,31,31,400,3721,2,1,2,160,30,4000,1,0,0.5,0.3,0.75,2,lu_s_2011_11_23_11_15_17_205_2_1.asc,tprice_2011_11_23_11_15_17_210_2_1.asc,lu_s_2011_11_23_11_15_17_207_2_1.asc,tprice_2011_11_23_11_15_17_212_2_1.asc,trans_2011_11_23_11_15_10_396.csv
23,51,1,0,61,61,31,31,400,3721,2,1,2,160,30,4000,1,0,0.5,0.4,0.75,2,lu_s_2011_11_23_11_15_23_211_2_1.asc,tprice_2011_11_23_11_15_23_215_2_1.asc,lu_s_2011_11_23_11_15_23_213_2_1.asc,tprice_2011_11_23_11_15_23_217_2_1.asc,trans_2011_11_23_11_15_17_227.csv
24,51,1,0,61,61,31,31,400,3721,2,1,2,160,30,4000,1,0,0.5,0.5,0.75,2,lu_s_2011_11_23_11_15_30_110_2_1.asc,tprice_2011_11_23_11_15_30_128_2_1.asc,lu_s_2011_11_23_11_15_30_124_2_1.asc,tprice_2011_11_23_11_15_30_132_2_1.asc,trans_2011_11_23_11_15_23_227.csv
25,51,1,0,61,61,31,31,400,3721,2,1,2,160,40,4000,1,0,0.5,0,0.75,2,lu_s_2011_11_23_11_15_36_365_2_1.asc,tprice_2011_11_23_11_15_36_369_2_1.asc,lu_s_2011_11_23_11_15_36_367_2_1.asc,tprice_2011_11_23_11_15_36_372_2_1.asc,trans_2011_11_23_11_15_30_144.csv
26,51,1,0,61,61,31,31,400,3721,2,1,2,160,40,4000,1,0,0.5,0.1,0.75,2,lu_s_2011_11_23_11_15_43_286_2_1.asc,tprice_2011_11_23_11_15_43_290_2_1.asc,lu_s_2011_11_23_11_15_43_288_2_1.asc,tprice_2011_11_23_11_15_43_293_2_1.asc,trans_2011_11_23_11_15_36_386.csv
27,51,1,0,61,61,31,31,400,3721,2,1,2,160,40,4000,1,0,0.5,0.2,0.75,2,lu_s_2011_11_23_11_15_50_036_2_1.asc,tprice_2011_11_23_11_15_50_040_2_1.asc,lu_s_2011_11_23_11_15_50_038_2_1.asc,tprice_2011_11_23_11_15_50_042_2_1.asc,trans_2011_11_23_11_15_43_321.csv
28,51,1,0,61,61,31,31,400,3721,2,1,2,160,40,4000,1,0,0.5,0.3,0.75,2,lu_s_2011_11_23_11_15_56_808_2_1.asc,tprice_2011_11_23_11_15_56_813_2_1.asc,lu_s_2011_11_23_11_15_56_810_2_1.asc,tprice_2011_11_23_11_15_56_815_2_1.asc,trans_2011_11_23_11_15_50_050.csv
29,51,1,0,61,61,31,31,400,3721,2,1,2,160,40,4000,1,0,0.5,0.4,0.75,2,lu_s_2011_11_23_11_16_03_777_2_1.asc,tprice_2011_11_23_11_16_03_781_2_1.asc,lu_s_2011_11_23_11_16_03_779_2_1.asc,tprice_2011_11_23_11_16_03_784_2_1.asc,trans_2011_11_23_11_15_56_826.csv
30,51,1,0,61,61,31,31,400,3721,2,1,2,160,40,4000,1,0,0.5,0.5,0.75,2,lu_s_2011_11_23_11_16_10_579_2_1.asc,tprice_2011_11_23_11_16_10_586_2_1.asc,lu_s_2011_11_23_11_16_10_583_2_1.asc,tprice_2011_11_23_11_16_10_589_2_1.asc,trans_2011_11_23_11_16_03_795.csv
31,51,1,0,61,61,31,31,400,3721,2,1,2,160,50,4000,1,0,0.5,0,0.75,2,lu_s_2011_11_23_11_16_17_386_2_1.asc,tprice_2011_11_23_11_16_17_390_2_1.asc,lu_s_2011_11_23_11_16_17_388_2_1.asc,tprice_2011_11_23_11_16_17_394_2_1.asc,trans_2011_11_23_11_16_10_624.csv
32,51,1,0,61,61,31,31,400,3721,2,1,2,160,50,4000,1,0,0.5,0.1,0.75,2,lu_s_2011_11_23_11_16_23_981_2_1.asc,tprice_2011_11_23_11_16_23_985_2_1.asc,lu_s_2011_11_23_11_16_23_983_2_1.asc,tprice_2011_11_23_11_16_23_988_2_1.asc,trans_2011_11_23_11_16_17_410.csv
33,51,1,0,61,61,31,31,400,3721,2,1,2,160,50,4000,1,0,0.5,0.2,0.75,2,lu_s_2011_11_23_11_16_30_446_2_1.asc,tprice_2011_11_23_11_16_30_450_2_1.asc,lu_s_2011_11_23_11_16_30_448_2_1.asc,tprice_2011_11_23_11_16_30_453_2_1.asc,trans_2011_11_23_11_16_24_000.csv
34,51,1,0,61,61,31,31,400,3721,2,1,2,160,50,4000,1,0,0.5,0.3,0.75,2,lu_s_2011_11_23_11_16_35_467_2_1.asc,tprice_2011_11_23_11_16_35_471_2_1.asc,lu_s_2011_11_23_11_16_35_469_2_1.asc,tprice_2011_11_23_11_16_35_474_2_1.asc,trans_2011_11_23_11_16_30_466.csv
35,51,1,0,61,61,31,31,400,3721,2,1,2,160,50,4000,1,0,0.5,0.4,0.75,2,lu_s_2011_11_23_11_16_40_831_2_1.asc,tprice_2011_11_23_11_16_40_835_2_1.asc,lu_s_2011_11_23_11_16_40_833_2_1.asc,tprice_2011_11_23_11_16_40_838_2_1.asc,trans_2011_11_23_11_16_35_482.csv
36,51,1,0,61,61,31,31,400,3721,2,1,2,160,50,4000,1,0,0.5,0.5,0.75,2,lu_s_2011_11_23_11_16_46_109_2_1.asc,tprice_2011_11_23_11_16_46_113_2_1.asc,lu_s_2011_11_23_11_16_46_111_2_1.asc,tprice_2011_11_23_11_16_46_116_2_1.asc,trans_2011_11_23_11_16_40_845.csv
37,51,1,0,61,61,31,31,400,3721,2,1,2,160,0,4000,400,0,0.5,0,0.75,208,lu_s_2011_11_23_11_24_51_727_208_1.asc,tprice_2011_11_23_11_24_51_731_208_1.asc,lu_s_2011_11_23_11_24_51_729_208_1.asc,tprice_2011_11_23_11_24_51_734_208_1.asc,trans_2011_11_23_11_16_46_129.csv
38,51,1,0,61,61,31,31,400,3721,2,1,2,160,0,4000,400,0,0.5,0.1,0.75,111,lu_s_2011_11_23_11_29_43_789_111_1.asc,tprice_2011_11_23_11_29_43_794_111_1.asc,lu_s_2011_11_23_11_29_43_791_111_1.asc,tprice_2011_11_23_11_29_43_798_111_1.asc,trans_2011_11_23_11_24_51_762.csv
39,51,1,0,61,61,31,31,400,3721,2,1,2,160,0,4000,400,0,0.5,0.2,0.75,104,lu_s_2011_11_23_11_34_30_160_104_1.asc,tprice_2011_11_23_11_34_30_164_104_1.asc,lu_s_2011_11_23_11_34_30_162_104_1.asc,tprice_2011_11_23_11_34_30_166_104_1.asc,trans_2011_11_23_11_29_43_808.csv
40,51,1,0,61,61,31,31,400,3721,2,1,2,160,0,4000,400,0,0.5,0.3,0.75,99,lu_s_2011_11_23_11_38_53_454_99_1.asc,tprice_2011_11_23_11_38_53_459_99_1.asc,lu_s_2011_11_23_11_38_53_457_99_1.asc,tprice_2011_11_23_11_38_53_462_99_1.asc,trans_2011_11_23_11_34_30_175.csv
41,51,1,0,61,61,31,31,400,3721,2,1,2,160,0,4000,400,0,0.5,0.4,0.75,86,lu_s_2011_11_23_11_42_31_595_86_1.asc,tprice_2011_11_23_11_42_31_599_86_1.asc,lu_s_2011_11_23_11_42_31_597_86_1.asc,tprice_2011_11_23_11_42_31_606_86_1.asc,trans_2011_11_23_11_38_53_471.csv
42,51,1,0,61,61,31,31,400,3721,2,1,2,160,0,4000,400,0,0.5,0.5,0.75,90,lu_s_2011_11_23_11_46_11_538_90_1.asc,tprice_2011_11_23_11_46_11_544_90_1.asc,lu_s_2011_11_23_11_46_11_542_90_1.asc,tprice_2011_11_23_11_46_11_548_90_1.asc,trans_2011_11_23_11_42_31_617.csv
43,51,1,0,61,61,31,31,400,3721,2,1,2,160,10,4000,400,0,0.5,0,0.75,208,lu_s_2011_11_23_11_54_19_229_208_1.asc,tprice_2011_11_23_11_54_19_235_208_1.asc,lu_s_2011_11_23_11_54_19_232_208_1.asc,tprice_2011_11_23_11_54_19_239_208_1.asc,trans_2011_11_23_11_46_11_590.csv
44,51,1,0,61,61,31,31,400,3721,2,1,2,160,10,4000,400,0,0.5,0.1,0.75,95,lu_s_2011_11_23_11_58_54_327_95_1.asc,tprice_2011_11_23_11_58_54_332_95_1.asc,lu_s_2011_11_23_11_58_54_329_95_1.asc,tprice_2011_11_23_11_58_54_335_95_1.asc,trans_2011_11_23_11_54_19_285.csv
45,51,1,0,61,61,31,31,400,3721,2,1,2,160,10,4000,400,0,0.5,0.2,0.75,99,lu_s_2011_11_23_12_03_34_780_99_1.asc,tprice_2011_11_23_12_03_34_787_99_1.asc,lu_s_2011_11_23_12_03_34_784_99_1.asc,tprice_2011_11_23_12_03_34_790_99_1.asc,trans_2011_11_23_11_58_54_369.csv
46,51,1,0,61,61,31,31,400,3721,2,1,2,160,10,4000,400,0,0.5,0.3,0.75,100,lu_s_2011_11_23_12_08_34_199_100_1.asc,tprice_2011_11_23_12_08_34_259_100_1.asc,lu_s_2011_11_23_12_08_34_201_100_1.asc,tprice_2011_11_23_12_08_34_274_100_1.asc,trans_2011_11_23_12_03_34_812.csv
47,51,1,0,61,61,31,31,400,3721,2,1,2,160,10,4000,400,0,0.5,0.4,0.75,85,lu_s_2011_11_23_12_12_14_334_85_1.asc,tprice_2011_11_23_12_12_14_370_85_1.asc,lu_s_2011_11_23_12_12_14_367_85_1.asc,tprice_2011_11_23_12_12_14_374_85_1.asc,trans_2011_11_23_12_08_34_284.csv
48,51,1,0,61,61,31,31,400,3721,2,1,2,160,10,4000,400,0,0.5,0.5,0.75,96,lu_s_2011_11_23_12_16_25_191_96_1.asc,tprice_2011_11_23_12_16_25_200_96_1.asc,lu_s_2011_11_23_12_16_25_193_96_1.asc,tprice_2011_11_23_12_16_25_251_96_1.asc,trans_2011_11_23_12_12_14_383.csv
49,51,1,0,61,61,31,31,400,3721,2,1,2,160,20,4000,400,0,0.5,0,0.75,208,lu_s_2011_11_23_12_25_08_116_208_1.asc,tprice_2011_11_23_12_25_08_222_208_1.asc,lu_s_2011_11_23_12_25_08_167_208_1.asc,tprice_2011_11_23_12_25_08_225_208_1.asc,trans_2011_11_23_12_16_25_268.csv
50,51,1,0,61,61,31,31,400,3721,2,1,2,160,20,4000,400,0,0.5,0.1,0.75,99,lu_s_2011_11_23_12_29_46_076_99_1.asc,tprice_2011_11_23_12_29_46_108_99_1.asc,lu_s_2011_11_23_12_29_46_105_99_1.asc,tprice_2011_11_23_12_29_46_113_99_1.asc,trans_2011_11_23_12_25_08_235.csv
51,51,1,0,61,61,31,31,400,3721,2,1,2,160,20,4000,400,0,0.5,0.2,0.75,100,lu_s_2011_11_23_12_33_50_401_100_1.asc,tprice_2011_11_23_12_33_50_463_100_1.asc,lu_s_2011_11_23_12_33_50_453_100_1.asc,tprice_2011_11_23_12_33_50_486_100_1.asc,trans_2011_11_23_12_29_46_122.csv
52,51,1,0,61,61,31,31,400,3721,2,1,2,160,20,4000,400,0,0.5,0.3,0.75,109,lu_s_2011_11_23_12_38_11_595_109_1.asc,tprice_2011_11_23_12_38_11_638_109_1.asc,lu_s_2011_11_23_12_38_11_627_109_1.asc,tprice_2011_11_23_12_38_11_647_109_1.asc,trans_2011_11_23_12_33_50_512.csv
53,51,1,0,61,61,31,31,400,3721,2,1,2,160,20,4000,400,0,0.5,0.4,0.75,97,lu_s_2011_11_23_12_41_33_996_97_1.asc,tprice_2011_11_23_12_41_34_036_97_1.asc,lu_s_2011_11_23_12_41_34_033_97_1.asc,tprice_2011_11_23_12_41_34_039_97_1.asc,trans_2011_11_23_12_38_11_663.csv
54,51,1,0,61,61,31,31,400,3721,2,1,2,160,20,4000,400,0,0.5,0.5,0.75,97,lu_s_2011_11_23_12_44_41_864_97_1.asc,tprice_2011_11_23_12_44_41_912_97_1.asc,lu_s_2011_11_23_12_44_41_903_97_1.asc,tprice_2011_11_23_12_44_41_921_97_1.asc,trans_2011_11_23_12_41_34_049.csv
55,51,1,0,61,61,31,31,400,3721,2,1,2,160,30,4000,400,0,0.5,0,0.75,208,lu_s_2011_11_23_12_51_09_536_208_1.asc,tprice_2011_11_23_12_51_09_570_208_1.asc,lu_s_2011_11_23_12_51_09_567_208_1.asc,tprice_2011_11_23_12_51_09_575_208_1.asc,trans_2011_11_23_12_44_41_935.csv
56,51,1,0,61,61,31,31,400,3721,2,1,2,160,30,4000,400,0,0.5,0.1,0.75,98,lu_s_2011_11_23_12_54_45_492_98_1.asc,tprice_2011_11_23_12_54_45_539_98_1.asc,lu_s_2011_11_23_12_54_45_530_98_1.asc,tprice_2011_11_23_12_54_45_548_98_1.asc,trans_2011_11_23_12_51_09_585.csv
57,51,1,0,61,61,31,31,400,3721,2,1,2,160,30,4000,400,0,0.5,0.2,0.75,100,lu_s_2011_11_23_12_58_07_340_100_1.asc,tprice_2011_11_23_12_58_07_381_100_1.asc,lu_s_2011_11_23_12_58_07_370_100_1.asc,tprice_2011_11_23_12_58_07_391_100_1.asc,trans_2011_11_23_12_54_45_584.csv
58,51,1,0,61,61,31,31,400,3721,2,1,2,160,30,4000,400,0,0.5,0.3,0.75,104,lu_s_2011_11_23_13_01_52_965_104_1.asc,tprice_2011_11_23_13_01_53_011_104_1.asc,lu_s_2011_11_23_13_01_53_004_104_1.asc,tprice_2011_11_23_13_01_53_019_104_1.asc,trans_2011_11_23_12_58_07_405.csv
59,51,1,0,61,61,31,31,400,3721,2,1,2,160,30,4000,400,0,0.5,0.4,0.75,96,lu_s_2011_11_23_13_05_01_384_96_1.asc,tprice_2011_11_23_13_05_01_425_96_1.asc,lu_s_2011_11_23_13_05_01_421_96_1.asc,tprice_2011_11_23_13_05_01_428_96_1.asc,trans_2011_11_23_13_01_53_033.csv
60,51,1,0,61,61,31,31,400,3721,2,1,2,160,30,4000,400,0,0.5,0.5,0.75,95,lu_s_2011_11_23_13_08_05_698_95_1.asc,tprice_2011_11_23_13_08_05_730_95_1.asc,lu_s_2011_11_23_13_08_05_728_95_1.asc,tprice_2011_11_23_13_08_05_733_95_1.asc,trans_2011_11_23_13_05_01_436.csv
61,51,1,0,61,61,31,31,400,3721,2,1,2,160,40,4000,400,0,0.5,0,0.75,297,lu_s_2011_11_23_13_17_57_864_297_1.asc,tprice_2011_11_23_13_17_57_896_297_1.asc,lu_s_2011_11_23_13_17_57_894_297_1.asc,tprice_2011_11_23_13_17_57_900_297_1.asc,trans_2011_11_23_13_08_05_740.csv
62,51,1,0,61,61,31,31,400,3721,2,1,2,160,40,4000,400,0,0.5,0.1,0.75,95,lu_s_2011_11_23_13_21_40_655_95_1.asc,tprice_2011_11_23_13_21_40_694_95_1.asc,lu_s_2011_11_23_13_21_40_692_95_1.asc,tprice_2011_11_23_13_21_40_697_95_1.asc,trans_2011_11_23_13_17_57_907.csv
63,51,1,0,61,61,31,31,400,3721,2,1,2,160,40,4000,400,0,0.5,0.2,0.75,90,lu_s_2011_11_23_13_24_50_133_90_1.asc,tprice_2011_11_23_13_24_50_160_90_1.asc,lu_s_2011_11_23_13_24_50_158_90_1.asc,tprice_2011_11_23_13_24_50_163_90_1.asc,trans_2011_11_23_13_21_40_704.csv
64,51,1,0,61,61,31,31,400,3721,2,1,2,160,40,4000,400,0,0.5,0.3,0.75,104,lu_s_2011_11_23_13_28_34_583_104_1.asc,tprice_2011_11_23_13_28_34_615_104_1.asc,lu_s_2011_11_23_13_28_34_613_104_1.asc,tprice_2011_11_23_13_28_34_618_104_1.asc,trans_2011_11_23_13_24_50_170.csv
65,51,1,0,61,61,31,31,400,3721,2,1,2,160,40,4000,400,0,0.5,0.4,0.75,98,lu_s_2011_11_23_13_31_41_167_98_1.asc,tprice_2011_11_23_13_31_41_202_98_1.asc,lu_s_2011_11_23_13_31_41_199_98_1.asc,tprice_2011_11_23_13_31_41_207_98_1.asc,trans_2011_11_23_13_28_34_625.csv
66,51,1,0,61,61,31,31,400,3721,2,1,2,160,40,4000,400,0,0.5,0.5,0.75,101,lu_s_2011_11_23_13_34_56_498_101_1.asc,tprice_2011_11_23_13_34_56_542_101_1.asc,lu_s_2011_11_23_13_34_56_535_101_1.asc,tprice_2011_11_23_13_34_56_552_101_1.asc,trans_2011_11_23_13_31_41_219.csv
67,51,1,0,61,61,31,31,400,3721,2,1,2,160,50,4000,400,0,0.5,0,0.75,205,lu_s_2011_11_23_13_41_13_213_205_1.asc,tprice_2011_11_23_13_41_13_245_205_1.asc,lu_s_2011_11_23_13_41_13_243_205_1.asc,tprice_2011_11_23_13_41_13_249_205_1.asc,trans_2011_11_23_13_34_56_569.csv
68,51,1,0,61,61,31,31,400,3721,2,1,2,160,50,4000,400,0,0.5,0.1,0.75,103,lu_s_2011_11_23_13_44_21_362_103_1.asc,tprice_2011_11_23_13_44_21_399_103_1.asc,lu_s_2011_11_23_13_44_21_397_103_1.asc,tprice_2011_11_23_13_44_21_403_103_1.asc,trans_2011_11_23_13_41_13_264.csv
69,51,1,0,61,61,31,31,400,3721,2,1,2,160,50,4000,400,0,0.5,0.2,0.75,87,lu_s_2011_11_23_13_47_34_156_87_1.asc,tprice_2011_11_23_13_47_34_194_87_1.asc,lu_s_2011_11_23_13_47_34_187_87_1.asc,tprice_2011_11_23_13_47_34_203_87_1.asc,trans_2011_11_23_13_44_21_410.csv
70,51,1,0,61,61,31,31,400,3721,2,1,2,160,50,4000,400,0,0.5,0.3,0.75,92,lu_s_2011_11_23_13_51_06_647_92_1.asc,tprice_2011_11_23_13_51_06_689_92_1.asc,lu_s_2011_11_23_13_51_06_681_92_1.asc,tprice_2011_11_23_13_51_06_700_92_1.asc,trans_2011_11_23_13_47_34_221.csv
71,51,1,0,61,61,31,31,400,3721,2,1,2,160,50,4000,400,0,0.5,0.4,0.75,105,lu_s_2011_11_23_13_54_20_674_105_1.asc,tprice_2011_11_23_13_54_20_746_105_1.asc,lu_s_2011_11_23_13_54_20_739_105_1.asc,tprice_2011_11_23_13_54_20_750_105_1.asc,trans_2011_11_23_13_51_06_715.csv
72,51,1,0,61,61,31,31,400,3721,2,1,2,160,50,4000,400,0,0.5,0.5,0.75,90,lu_s_2011_11_23_13_57_14_007_90_1.asc,tprice_2011_11_23_13_57_14_037_90_1.asc,lu_s_2011_11_23_13_57_14_035_90_1.asc,tprice_2011_11_23_13_57_14_040_90_1.asc,trans_2011_11_23_13_54_20_763.csv
73,51,1,0,61,61,31,31,400,3721,2,1,2,160,0,4000,1,100,0.5,0,0.75,2,lu_s_2011_11_23_13_57_45_288_2_1.asc,tprice_2011_11_23_13_57_45_337_2_1.asc,lu_s_2011_11_23_13_57_45_329_2_1.asc,tprice_2011_11_23_13_57_45_347_2_1.asc,trans_2011_11_23_13_57_14_047.csv
74,51,1,0,61,61,31,31,400,3721,2,1,2,160,0,4000,1,100,0.5,0.1,0.75,2,lu_s_2011_11_23_13_58_11_995_2_1.asc,tprice_2011_11_23_13_58_12_031_2_1.asc,lu_s_2011_11_23_13_58_12_028_2_1.asc,tprice_2011_11_23_13_58_12_034_2_1.asc,trans_2011_11_23_13_57_45_356.csv
75,51,1,0,61,61,31,31,400,3721,2,1,2,160,0,4000,1,100,0.5,0.2,0.75,2,lu_s_2011_11_23_13_58_33_497_2_1.asc,tprice_2011_11_23_13_58_33_541_2_1.asc,lu_s_2011_11_23_13_58_33_535_2_1.asc,tprice_2011_11_23_13_58_33_554_2_1.asc,trans_2011_11_23_13_58_12_041.csv
76,51,1,0,61,61,31,31,400,3721,2,1,2,160,0,4000,1,100,0.5,0.3,0.75,2,lu_s_2011_11_23_13_58_52_721_2_1.asc,tprice_2011_11_23_13_58_52_762_2_1.asc,lu_s_2011_11_23_13_58_52_755_2_1.asc,tprice_2011_11_23_13_58_52_771_2_1.asc,trans_2011_11_23_13_58_33_564.csv
77,51,1,0,61,61,31,31,400,3721,2,1,2,160,0,4000,1,100,0.5,0.4,0.75,2,lu_s_2011_11_23_13_59_10_999_2_1.asc,tprice_2011_11_23_13_59_11_049_2_1.asc,lu_s_2011_11_23_13_59_11_038_2_1.asc,tprice_2011_11_23_13_59_11_059_2_1.asc,trans_2011_11_23_13_58_52_789.csv
78,51,1,0,61,61,31,31,400,3721,2,1,2,160,0,4000,1,100,0.5,0.5,0.75,2,lu_s_2011_11_23_13_59_28_721_2_1.asc,tprice_2011_11_23_13_59_28_767_2_1.asc,lu_s_2011_11_23_13_59_28_760_2_1.asc,tprice_2011_11_23_13_59_28_776_2_1.asc,trans_2011_11_23_13_59_11_065.csv
79,51,1,0,61,61,31,31,400,3721,2,1,2,160,10,4000,1,100,0.5,0,0.75,2,lu_s_2011_11_23_13_59_47_828_2_1.asc,tprice_2011_11_23_13_59_47_881_2_1.asc,lu_s_2011_11_23_13_59_47_874_2_1.asc,tprice_2011_11_23_13_59_47_890_2_1.asc,trans_2011_11_23_13_59_28_790.csv
80,51,1,0,61,61,31,31,400,3721,2,1,2,160,10,4000,1,100,0.5,0.1,0.75,2,lu_s_2011_11_23_14_00_10_282_2_1.asc,tprice_2011_11_23_14_00_10_320_2_1.asc,lu_s_2011_11_23_14_00_10_318_2_1.asc,tprice_2011_11_23_14_00_10_323_2_1.asc,trans_2011_11_23_13_59_47_901.csv
81,51,1,0,61,61,31,31,400,3721,2,1,2,160,10,4000,1,100,0.5,0.2,0.75,2,lu_s_2011_11_23_14_00_32_928_2_1.asc,tprice_2011_11_23_14_00_32_980_2_1.asc,lu_s_2011_11_23_14_00_32_970_2_1.asc,tprice_2011_11_23_14_00_32_988_2_1.asc,trans_2011_11_23_14_00_10_333.csv
82,51,1,0,61,61,31,31,400,3721,2,1,2,160,10,4000,1,100,0.5,0.3,0.75,2,lu_s_2011_11_23_14_00_54_002_2_1.asc,tprice_2011_11_23_14_00_54_063_2_1.asc,lu_s_2011_11_23_14_00_54_035_2_1.asc,tprice_2011_11_23_14_00_54_072_2_1.asc,trans_2011_11_23_14_00_32_998.csv
83,51,1,0,61,61,31,31,400,3721,2,1,2,160,10,4000,1,100,0.5,0.4,0.75,2,lu_s_2011_11_23_14_01_14_870_2_1.asc,tprice_2011_11_23_14_01_14_908_2_1.asc,lu_s_2011_11_23_14_01_14_905_2_1.asc,tprice_2011_11_23_14_01_14_912_2_1.asc,trans_2011_11_23_14_00_54_083.csv
84,51,1,0,61,61,31,31,400,3721,2,1,2,160,10,4000,1,100,0.5,0.5,0.75,2,lu_s_2011_11_23_14_01_34_111_2_1.asc,tprice_2011_11_23_14_01_34_142_2_1.asc,lu_s_2011_11_23_14_01_34_140_2_1.asc,tprice_2011_11_23_14_01_34_145_2_1.asc,trans_2011_11_23_14_01_14_921.csv
85,51,1,0,61,61,31,31,400,3721,2,1,2,160,20,4000,1,100,0.5,0,0.75,2,lu_s_2011_11_23_14_01_55_650_2_1.asc,tprice_2011_11_23_14_01_55_689_2_1.asc,lu_s_2011_11_23_14_01_55_687_2_1.asc,tprice_2011_11_23_14_01_55_692_2_1.asc,trans_2011_11_23_14_01_34_151.csv
86,51,1,0,61,61,31,31,400,3721,2,1,2,160,20,4000,1,100,0.5,0.1,0.75,2,lu_s_2011_11_23_14_02_20_945_2_1.asc,tprice_2011_11_23_14_02_20_983_2_1.asc,lu_s_2011_11_23_14_02_20_981_2_1.asc,tprice_2011_11_23_14_02_20_986_2_1.asc,trans_2011_11_23_14_01_55_698.csv
87,51,1,0,61,61,31,31,400,3721,2,1,2,160,20,4000,1,100,0.5,0.2,0.75,2,lu_s_2011_11_23_14_02_45_732_2_1.asc,tprice_2011_11_23_14_02_45_765_2_1.asc,lu_s_2011_11_23_14_02_45_734_2_1.asc,tprice_2011_11_23_14_02_45_768_2_1.asc,trans_2011_11_23_14_02_20_992.csv
88,51,1,0,61,61,31,31,400,3721,2,1,2,160,20,4000,1,100,0.5,0.3,0.75,2,lu_s_2011_11_23_14_03_09_314_2_1.asc,tprice_2011_11_23_14_03_09_358_2_1.asc,lu_s_2011_11_23_14_03_09_351_2_1.asc,tprice_2011_11_23_14_03_09_366_2_1.asc,trans_2011_11_23_14_02_45_773.csv
89,51,1,0,61,61,31,31,400,3721,2,1,2,160,20,4000,1,100,0.5,0.4,0.75,2,lu_s_2011_11_23_14_03_34_571_2_1.asc,tprice_2011_11_23_14_03_34_602_2_1.asc,lu_s_2011_11_23_14_03_34_598_2_1.asc,tprice_2011_11_23_14_03_34_606_2_1.asc,trans_2011_11_23_14_03_09_381.csv
90,51,1,0,61,61,31,31,400,3721,2,1,2,160,20,4000,1,100,0.5,0.5,0.75,2,lu_s_2011_11_23_14_03_56_744_2_1.asc,tprice_2011_11_23_14_03_56_791_2_1.asc,lu_s_2011_11_23_14_03_56_783_2_1.asc,tprice_2011_11_23_14_03_56_801_2_1.asc,trans_2011_11_23_14_03_34_622.csv
91,51,1,0,61,61,31,31,400,3721,2,1,2,160,30,4000,1,100,0.5,0,0.75,2,lu_s_2011_11_23_14_04_19_651_2_1.asc,tprice_2011_11_23_14_04_19_685_2_1.asc,lu_s_2011_11_23_14_04_19_683_2_1.asc,tprice_2011_11_23_14_04_19_688_2_1.asc,trans_2011_11_23_14_03_56_813.csv
92,51,1,0,61,61,31,31,400,3721,2,1,2,160,30,4000,1,100,0.5,0.1,0.75,2,lu_s_2011_11_23_14_04_46_056_2_1.asc,tprice_2011_11_23_14_04_46_092_2_1.asc,lu_s_2011_11_23_14_04_46_089_2_1.asc,tprice_2011_11_23_14_04_46_095_2_1.asc,trans_2011_11_23_14_04_19_694.csv
93,51,1,0,61,61,31,31,400,3721,2,1,2,160,30,4000,1,100,0.5,0.2,0.75,2,lu_s_2011_11_23_14_05_12_376_2_1.asc,tprice_2011_11_23_14_05_12_413_2_1.asc,lu_s_2011_11_23_14_05_12_406_2_1.asc,tprice_2011_11_23_14_05_12_421_2_1.asc,trans_2011_11_23_14_04_46_101.csv
94,51,1,0,61,61,31,31,400,3721,2,1,2,160,30,4000,1,100,0.5,0.3,0.75,2,lu_s_2011_11_23_14_05_37_139_2_1.asc,tprice_2011_11_23_14_05_37_143_2_1.asc,lu_s_2011_11_23_14_05_37_141_2_1.asc,tprice_2011_11_23_14_05_37_146_2_1.asc,trans_2011_11_23_14_05_12_438.csv
95,51,1,0,61,61,31,31,400,3721,2,1,2,160,30,4000,1,100,0.5,0.4,0.75,2,lu_s_2011_11_23_14_06_03_166_2_1.asc,tprice_2011_11_23_14_06_03_211_2_1.asc,lu_s_2011_11_23_14_06_03_209_2_1.asc,tprice_2011_11_23_14_06_03_213_2_1.asc,trans_2011_11_23_14_05_37_151.csv
96,51,1,0,61,61,31,31,400,3721,2,1,2,160,30,4000,1,100,0.5,0.5,0.75,2,lu_s_2011_11_23_14_06_27_555_2_1.asc,tprice_2011_11_23_14_06_27_601_2_1.asc,lu_s_2011_11_23_14_06_27_593_2_1.asc,tprice_2011_11_23_14_06_27_611_2_1.asc,trans_2011_11_23_14_06_03_220.csv
97,51,1,0,61,61,31,31,400,3721,2,1,2,160,40,4000,1,100,0.5,0,0.75,2,lu_s_2011_11_23_14_06_50_835_2_1.asc,tprice_2011_11_23_14_06_50_840_2_1.asc,lu_s_2011_11_23_14_06_50_838_2_1.asc,tprice_2011_11_23_14_06_50_843_2_1.asc,trans_2011_11_23_14_06_27_620.csv
98,51,1,0,61,61,31,31,400,3721,2,1,2,160,40,4000,1,100,0.5,0.1,0.75,2,lu_s_2011_11_23_14_07_16_933_2_1.asc,tprice_2011_11_23_14_07_16_981_2_1.asc,lu_s_2011_11_23_14_07_16_974_2_1.asc,tprice_2011_11_23_14_07_16_990_2_1.asc,trans_2011_11_23_14_06_50_849.csv
99,51,1,0,61,61,31,31,400,3721,2,1,2,160,40,4000,1,100,0.5,0.2,0.75,2,lu_s_2011_11_23_14_07_43_522_2_1.asc,tprice_2011_11_23_14_07_43_558_2_1.asc,lu_s_2011_11_23_14_07_43_556_2_1.asc,tprice_2011_11_23_14_07_43_561_2_1.asc,trans_2011_11_23_14_07_17_003.csv
100,51,1,0,61,61,31,31,400,3721,2,1,2,160,40,4000,1,100,0.5,0.3,0.75,2,lu_s_2011_11_23_14_08_09_609_2_1.asc,tprice_2011_11_23_14_08_09_643_2_1.asc,lu_s_2011_11_23_14_08_09_640_2_1.asc,tprice_2011_11_23_14_08_09_646_2_1.asc,trans_2011_11_23_14_07_43_570.csv
101,51,1,0,61,61,31,31,400,3721,2,1,2,160,40,4000,1,100,0.5,0.4,0.75,2,lu_s_2011_11_23_14_08_37_913_2_1.asc,tprice_2011_11_23_14_08_37_950_2_1.asc,lu_s_2011_11_23_14_08_37_948_2_1.asc,tprice_2011_11_23_14_08_37_953_2_1.asc,trans_2011_11_23_14_08_09_652.csv
102,51,1,0,61,61,31,31,400,3721,2,1,2,160,40,4000,1,100,0.5,0.5,0.75,2,lu_s_2011_11_23_14_09_04_576_2_1.asc,tprice_2011_11_23_14_09_04_612_2_1.asc,lu_s_2011_11_23_14_09_04_609_2_1.asc,tprice_2011_11_23_14_09_04_615_2_1.asc,trans_2011_11_23_14_08_37_972.csv
103,51,1,0,61,61,31,31,400,3721,2,1,2,160,50,4000,1,100,0.5,0,0.75,2,lu_s_2011_11_23_14_09_28_742_2_1.asc,tprice_2011_11_23_14_09_28_772_2_1.asc,lu_s_2011_11_23_14_09_28_770_2_1.asc,tprice_2011_11_23_14_09_28_775_2_1.asc,trans_2011_11_23_14_09_04_621.csv
104,51,1,0,61,61,31,31,400,3721,2,1,2,160,50,4000,1,100,0.5,0.1,0.75,2,lu_s_2011_11_23_14_09_56_691_2_1.asc,tprice_2011_11_23_14_09_56_695_2_1.asc,lu_s_2011_11_23_14_09_56_693_2_1.asc,tprice_2011_11_23_14_09_56_697_2_1.asc,trans_2011_11_23_14_09_28_789.csv
105,51,1,0,61,61,31,31,400,3721,2,1,2,160,50,4000,1,100,0.5,0.2,0.75,2,lu_s_2011_11_23_14_10_25_541_2_1.asc,tprice_2011_11_23_14_10_25_576_2_1.asc,lu_s_2011_11_23_14_10_25_574_2_1.asc,tprice_2011_11_23_14_10_25_580_2_1.asc,trans_2011_11_23_14_09_56_743.csv
106,51,1,0,61,61,31,31,400,3721,2,1,2,160,50,4000,1,100,0.5,0.3,0.75,2,lu_s_2011_11_23_14_10_53_304_2_1.asc,tprice_2011_11_23_14_10_53_340_2_1.asc,lu_s_2011_11_23_14_10_53_338_2_1.asc,tprice_2011_11_23_14_10_53_342_2_1.asc,trans_2011_11_23_14_10_25_587.csv
107,51,1,0,61,61,31,31,400,3721,2,1,2,160,50,4000,1,100,0.5,0.4,0.75,2,lu_s_2011_11_23_14_11_24_543_2_1.asc,tprice_2011_11_23_14_11_24_581_2_1.asc,lu_s_2011_11_23_14_11_24_579_2_1.asc,tprice_2011_11_23_14_11_24_585_2_1.asc,trans_2011_11_23_14_10_53_350.csv
108,51,1,0,61,61,31,31,400,3721,2,1,2,160,50,4000,1,100,0.5,0.5,0.75,2,lu_s_2011_11_23_14_11_51_475_2_1.asc,tprice_2011_11_23_14_11_51_511_2_1.asc,lu_s_2011_11_23_14_11_51_508_2_1.asc,tprice_2011_11_23_14_11_51_514_2_1.asc,trans_2011_11_23_14_11_24_594.csv
109,51,1,0,61,61,31,31,400,3721,2,1,2,160,0,4000,400,100,0.5,0,0.75,83,lu_s_2011_11_23_14_17_00_238_83_1.asc,tprice_2011_11_23_14_17_00_274_83_1.asc,lu_s_2011_11_23_14_17_00_272_83_1.asc,tprice_2011_11_23_14_17_00_280_83_1.asc,trans_2011_11_23_14_11_51_520.csv
110,51,1,0,61,61,31,31,400,3721,2,1,2,160,0,4000,400,100,0.5,0.1,0.75,56,lu_s_2011_11_23_14_22_25_042_56_1.asc,tprice_2011_11_23_14_22_25_081_56_1.asc,lu_s_2011_11_23_14_22_25_079_56_1.asc,tprice_2011_11_23_14_22_25_085_56_1.asc,trans_2011_11_23_14_17_00_291.csv
111,51,1,0,61,61,31,31,400,3721,2,1,2,160,0,4000,400,100,0.5,0.2,0.75,52,lu_s_2011_11_23_14_27_52_613_52_1.asc,tprice_2011_11_23_14_27_52_646_52_1.asc,lu_s_2011_11_23_14_27_52_643_52_1.asc,tprice_2011_11_23_14_27_52_650_52_1.asc,trans_2011_11_23_14_22_25_098.csv
112,51,1,0,61,61,31,31,400,3721,2,1,2,160,0,4000,400,100,0.5,0.3,0.75,58,lu_s_2011_11_23_14_33_58_725_58_1.asc,tprice_2011_11_23_14_33_58_758_58_1.asc,lu_s_2011_11_23_14_33_58_754_58_1.asc,tprice_2011_11_23_14_33_58_769_58_1.asc,trans_2011_11_23_14_27_52_669.csv
113,51,1,0,61,61,31,31,400,3721,2,1,2,160,0,4000,400,100,0.5,0.4,0.75,52,lu_s_2011_11_23_14_38_39_939_52_1.asc,tprice_2011_11_23_14_38_39_996_52_1.asc,lu_s_2011_11_23_14_38_39_991_52_1.asc,tprice_2011_11_23_14_38_40_095_52_1.asc,trans_2011_11_23_14_33_58_788.csv
114,51,1,0,61,61,31,31,400,3721,2,1,2,160,0,4000,400,100,0.5,0.5,0.75,56,lu_s_2011_11_23_14_44_20_493_56_1.asc,tprice_2011_11_23_14_44_20_530_56_1.asc,lu_s_2011_11_23_14_44_20_528_56_1.asc,tprice_2011_11_23_14_44_20_533_56_1.asc,trans_2011_11_23_14_38_40_153.csv
115,51,1,0,61,61,31,31,400,3721,2,1,2,160,10,4000,400,100,0.5,0,0.75,67,lu_s_2011_11_23_14_53_06_162_67_1.asc,tprice_2011_11_23_14_53_06_179_67_1.asc,lu_s_2011_11_23_14_53_06_176_67_1.asc,tprice_2011_11_23_14_53_06_185_67_1.asc,trans_2011_11_23_14_44_20_541.csv
116,51,1,0,61,61,31,31,400,3721,2,1,2,160,10,4000,400,100,0.5,0.1,0.75,62,lu_s_2011_11_23_15_03_57_536_62_1.asc,tprice_2011_11_23_15_03_57_587_62_1.asc,lu_s_2011_11_23_15_03_57_585_62_1.asc,tprice_2011_11_23_15_03_57_593_62_1.asc,trans_2011_11_23_14_53_06_203.csv
117,51,1,0,61,61,31,31,400,3721,2,1,2,160,10,4000,400,100,0.5,0.2,0.75,48,lu_s_2011_11_23_15_11_50_062_48_1.asc,tprice_2011_11_23_15_11_50_066_48_1.asc,lu_s_2011_11_23_15_11_50_064_48_1.asc,tprice_2011_11_23_15_11_50_068_48_1.asc,trans_2011_11_23_15_03_57_598.csv
118,51,1,0,61,61,31,31,400,3721,2,1,2,160,10,4000,400,100,0.5,0.3,0.75,57,lu_s_2011_11_23_15_20_33_595_57_1.asc,tprice_2011_11_23_15_20_33_599_57_1.asc,lu_s_2011_11_23_15_20_33_597_57_1.asc,tprice_2011_11_23_15_20_33_601_57_1.asc,trans_2011_11_23_15_11_50_075.csv
119,51,1,0,61,61,31,31,400,3721,2,1,2,160,10,4000,400,100,0.5,0.4,0.75,54,lu_s_2011_11_23_15_28_32_821_54_1.asc,tprice_2011_11_23_15_28_32_825_54_1.asc,lu_s_2011_11_23_15_28_32_823_54_1.asc,tprice_2011_11_23_15_28_32_827_54_1.asc,trans_2011_11_23_15_20_33_608.csv
120,51,1,0,61,61,31,31,400,3721,2,1,2,160,10,4000,400,100,0.5,0.5,0.75,59,lu_s_2011_11_23_15_36_59_454_59_1.asc,tprice_2011_11_23_15_36_59_458_59_1.asc,lu_s_2011_11_23_15_36_59_456_59_1.asc,tprice_2011_11_23_15_36_59_460_59_1.asc,trans_2011_11_23_15_28_32_833.csv
121,51,1,0,61,61,31,31,400,3721,2,1,2,160,20,4000,400,100,0.5,0,0.75,83,lu_s_2011_11_23_15_49_26_755_83_1.asc,tprice_2011_11_23_15_49_26_758_83_1.asc,lu_s_2011_11_23_15_49_26_757_83_1.asc,tprice_2011_11_23_15_49_26_761_83_1.asc,trans_2011_11_23_15_36_59_468.csv
122,51,1,0,61,61,31,31,400,3721,2,1,2,160,20,4000,400,100,0.5,0.1,0.75,55,lu_s_2011_11_23_16_00_33_859_55_1.asc,tprice_2011_11_23_16_00_33_863_55_1.asc,lu_s_2011_11_23_16_00_33_861_55_1.asc,tprice_2011_11_23_16_00_33_865_55_1.asc,trans_2011_11_23_15_49_26_769.csv
123,51,1,0,61,61,31,31,400,3721,2,1,2,160,20,4000,400,100,0.5,0.2,0.75,60,lu_s_2011_11_23_16_12_14_419_60_1.asc,tprice_2011_11_23_16_12_14_423_60_1.asc,lu_s_2011_11_23_16_12_14_421_60_1.asc,tprice_2011_11_23_16_12_14_427_60_1.asc,trans_2011_11_23_16_00_33_872.csv
124,51,1,0,61,61,31,31,400,3721,2,1,2,160,20,4000,400,100,0.5,0.3,0.75,54,lu_s_2011_11_23_16_22_06_333_54_1.asc,tprice_2011_11_23_16_22_06_337_54_1.asc,lu_s_2011_11_23_16_22_06_335_54_1.asc,tprice_2011_11_23_16_22_06_339_54_1.asc,trans_2011_11_23_16_12_14_433.csv
125,51,1,0,61,61,31,31,400,3721,2,1,2,160,20,4000,400,100,0.5,0.4,0.75,43,lu_s_2011_11_23_16_30_23_529_43_1.asc,tprice_2011_11_23_16_30_23_533_43_1.asc,lu_s_2011_11_23_16_30_23_531_43_1.asc,tprice_2011_11_23_16_30_23_567_43_1.asc,trans_2011_11_23_16_22_06_349.csv
126,51,1,0,61,61,31,31,400,3721,2,1,2,160,20,4000,400,100,0.5,0.5,0.75,57,lu_s_2011_11_23_16_40_39_119_57_1.asc,tprice_2011_11_23_16_40_39_123_57_1.asc,lu_s_2011_11_23_16_40_39_121_57_1.asc,tprice_2011_11_23_16_40_39_159_57_1.asc,trans_2011_11_23_16_30_23_591.csv
127,51,1,0,61,61,31,31,400,3721,2,1,2,160,30,4000,400,100,0.5,0,0.75,107,lu_s_2011_11_23_16_59_42_589_107_1.asc,tprice_2011_11_23_16_59_42_631_107_1.asc,lu_s_2011_11_23_16_59_42_592_107_1.asc,tprice_2011_11_23_16_59_42_634_107_1.asc,trans_2011_11_23_16_40_39_167.csv
128,51,1,0,61,61,31,31,400,3721,2,1,2,160,30,4000,400,100,0.5,0.1,0.75,63,lu_s_2011_11_23_17_14_08_478_63_1.asc,tprice_2011_11_23_17_14_08_483_63_1.asc,lu_s_2011_11_23_17_14_08_480_63_1.asc,tprice_2011_11_23_17_14_08_517_63_1.asc,trans_2011_11_23_16_59_42_662.csv
129,51,1,0,61,61,31,31,400,3721,2,1,2,160,30,4000,400,100,0.5,0.2,0.75,59,lu_s_2011_11_23_17_27_24_926_59_1.asc,tprice_2011_11_23_17_27_24_957_59_1.asc,lu_s_2011_11_23_17_27_24_953_59_1.asc,tprice_2011_11_23_17_27_24_959_59_1.asc,trans_2011_11_23_17_14_08_547.csv
130,51,1,0,61,61,31,31,400,3721,2,1,2,160,30,4000,400,100,0.5,0.3,0.75,50,lu_s_2011_11_23_17_38_19_159_50_1.asc,tprice_2011_11_23_17_38_19_198_50_1.asc,lu_s_2011_11_23_17_38_19_196_50_1.asc,tprice_2011_11_23_17_38_19_200_50_1.asc,trans_2011_11_23_17_27_24_976.csv
131,51,1,0,61,61,31,31,400,3721,2,1,2,160,30,4000,400,100,0.5,0.4,0.75,51,lu_s_2011_11_23_17_49_22_425_51_1.asc,tprice_2011_11_23_17_49_22_429_51_1.asc,lu_s_2011_11_23_17_49_22_427_51_1.asc,tprice_2011_11_23_17_49_22_432_51_1.asc,trans_2011_11_23_17_38_19_207.csv
132,51,1,0,61,61,31,31,400,3721,2,1,2,160,30,4000,400,100,0.5,0.5,0.75,61,lu_s_2011_11_23_18_01_55_133_61_1.asc,tprice_2011_11_23_18_01_55_164_61_1.asc,lu_s_2011_11_23_18_01_55_162_61_1.asc,tprice_2011_11_23_18_01_55_167_61_1.asc,trans_2011_11_23_17_49_22_439.csv
133,51,1,0,61,61,31,31,400,3721,2,1,2,160,40,4000,400,100,0.5,0,0.75,115,lu_s_2011_11_23_18_24_03_637_115_1.asc,tprice_2011_11_23_18_24_03_641_115_1.asc,lu_s_2011_11_23_18_24_03_639_115_1.asc,tprice_2011_11_23_18_24_03_645_115_1.asc,trans_2011_11_23_18_01_55_187.csv
134,51,1,0,61,61,31,31,400,3721,2,1,2,160,40,4000,400,100,0.5,0.1,0.75,65,lu_s_2011_11_23_18_39_05_390_65_1.asc,tprice_2011_11_23_18_39_05_395_65_1.asc,lu_s_2011_11_23_18_39_05_393_65_1.asc,tprice_2011_11_23_18_39_05_397_65_1.asc,trans_2011_11_23_18_24_03_652.csv
135,51,1,0,61,61,31,31,400,3721,2,1,2,160,40,4000,400,100,0.5,0.2,0.75,48,lu_s_2011_11_23_18_49_34_152_48_1.asc,tprice_2011_11_23_18_49_34_209_48_1.asc,lu_s_2011_11_23_18_49_34_203_48_1.asc,tprice_2011_11_23_18_49_34_238_48_1.asc,trans_2011_11_23_18_39_05_405.csv
136,51,1,0,61,61,31,31,400,3721,2,1,2,160,40,4000,400,100,0.5,0.3,0.75,57,lu_s_2011_11_23_19_01_51_391_57_1.asc,tprice_2011_11_23_19_01_51_446_57_1.asc,lu_s_2011_11_23_19_01_51_444_57_1.asc,tprice_2011_11_23_19_01_51_468_57_1.asc,trans_2011_11_23_18_49_34_247.csv
137,51,1,0,61,61,31,31,400,3721,2,1,2,160,40,4000,400,100,0.5,0.4,0.75,68,lu_s_2011_11_23_19_17_42_263_68_1.asc,tprice_2011_11_23_19_17_42_267_68_1.asc,lu_s_2011_11_23_19_17_42_264_68_1.asc,tprice_2011_11_23_19_17_42_270_68_1.asc,trans_2011_11_23_19_01_51_474.csv
138,51,1,0,61,61,31,31,400,3721,2,1,2,160,40,4000,400,100,0.5,0.5,0.75,49,lu_s_2011_11_23_19_27_37_806_49_1.asc,tprice_2011_11_23_19_27_37_843_49_1.asc,lu_s_2011_11_23_19_27_37_841_49_1.asc,tprice_2011_11_23_19_27_37_846_49_1.asc,trans_2011_11_23_19_17_42_277.csv
139,51,1,0,61,61,31,31,400,3721,2,1,2,160,50,4000,400,100,0.5,0,0.75,75,lu_s_2011_11_23_19_43_37_547_75_1.asc,tprice_2011_11_23_19_43_37_831_75_1.asc,lu_s_2011_11_23_19_43_37_771_75_1.asc,tprice_2011_11_23_19_43_37_902_75_1.asc,trans_2011_11_23_19_27_37_852.csv
140,51,1,0,61,61,31,31,400,3721,2,1,2,160,50,4000,400,100,0.5,0.1,0.75,62,lu_s_2011_11_23_19_56_46_999_62_1.asc,tprice_2011_11_23_19_56_47_033_62_1.asc,lu_s_2011_11_23_19_56_47_031_62_1.asc,tprice_2011_11_23_19_56_47_035_62_1.asc,trans_2011_11_23_19_43_38_222.csv
141,51,1,0,61,61,31,31,400,3721,2,1,2,160,50,4000,400,100,0.5,0.2,0.75,64,lu_s_2011_11_23_20_10_05_727_64_1.asc,tprice_2011_11_23_20_10_05_761_64_1.asc,lu_s_2011_11_23_20_10_05_729_64_1.asc,tprice_2011_11_23_20_10_05_763_64_1.asc,trans_2011_11_23_19_56_47_055.csv
142,51,1,0,61,61,31,31,400,3721,2,1,2,160,50,4000,400,100,0.5,0.3,0.75,63,lu_s_2011_11_23_20_23_47_306_63_1.asc,tprice_2011_11_23_20_23_47_311_63_1.asc,lu_s_2011_11_23_20_23_47_308_63_1.asc,tprice_2011_11_23_20_23_47_355_63_1.asc,trans_2011_11_23_20_10_05_789.csv
143,51,1,0,61,61,31,31,400,3721,2,1,2,160,50,4000,400,100,0.5,0.4,0.75,49,lu_s_2011_11_23_20_34_37_080_49_1.asc,tprice_2011_11_23_20_34_37_120_49_1.asc,lu_s_2011_11_23_20_34_37_082_49_1.asc,tprice_2011_11_23_20_34_37_122_49_1.asc,trans_2011_11_23_20_23_47_362.csv
144,51,1,0,61,61,31,31,400,3721,2,1,2,160,50,4000,400,100,0.5,0.5,0.75,73,lu_s_2011_11_23_20_49_23_275_73_1.asc,tprice_2011_11_23_20_49_23_279_73_1.asc,lu_s_2011_11_23_20_49_23_278_73_1.asc,tprice_2011_11_23_20_49_23_319_73_1.asc,trans_2011_11_23_20_34_37_128.csv
145,52,1,0,61,61,31,31,400,3721,2,1,2,160,0,4000,1,0,0.5,0,0.75,2,lu_s_2011_11_24_11_31_57_943_2_1.asc,tprice_2011_11_24_11_31_58_047_2_1.asc,lu_s_2011_11_24_11_31_58_031_2_1.asc,tprice_2011_11_24_11_31_58_081_2_1.asc,trans_2011_11_24_11_31_50_205.csv
146,52,1,0,61,61,31,31,400,3721,2,1,2,160,0,4000,1,0,0.5,0.1,0.75,2,lu_s_2011_11_24_11_32_04_458_2_1.asc,tprice_2011_11_24_11_32_04_504_2_1.asc,lu_s_2011_11_24_11_32_04_501_2_1.asc,tprice_2011_11_24_11_32_04_533_2_1.asc,trans_2011_11_24_11_31_58_548.csv
147,52,1,0,61,61,31,31,400,3721,2,1,2,160,0,4000,1,0,0.5,0.2,0.75,2,lu_s_2011_11_24_11_32_10_458_2_1.asc,tprice_2011_11_24_11_32_10_526_2_1.asc,lu_s_2011_11_24_11_32_10_513_2_1.asc,tprice_2011_11_24_11_32_10_530_2_1.asc,trans_2011_11_24_11_32_04_548.csv
148,52,1,0,61,61,31,31,400,3721,2,1,2,160,0,4000,1,0,0.5,0.3,0.75,2,lu_s_2011_11_24_11_32_16_281_2_1.asc,tprice_2011_11_24_11_32_16_325_2_1.asc,lu_s_2011_11_24_11_32_16_284_2_1.asc,tprice_2011_11_24_11_32_16_330_2_1.asc,trans_2011_11_24_11_32_10_538.csv
149,52,1,0,61,61,31,31,400,3721,2,1,2,160,0,4000,1,0,0.5,0.4,0.75,2,lu_s_2011_11_24_11_32_22_091_2_1.asc,tprice_2011_11_24_11_32_22_096_2_1.asc,lu_s_2011_11_24_11_32_22_094_2_1.asc,tprice_2011_11_24_11_32_22_099_2_1.asc,trans_2011_11_24_11_32_16_364.csv
150,52,1,0,61,61,31,31,400,3721,2,1,2,160,0,4000,1,0,0.5,0.5,0.75,2,lu_s_2011_11_24_11_32_27_600_2_1.asc,tprice_2011_11_24_11_32_27_609_2_1.asc,lu_s_2011_11_24_11_32_27_603_2_1.asc,tprice_2011_11_24_11_32_27_648_2_1.asc,trans_2011_11_24_11_32_22_133.csv
151,52,1,0,61,61,31,31,400,3721,2,1,2,160,10,4000,1,0,0.5,0,0.75,2,lu_s_2011_11_24_11_32_32_654_2_1.asc,tprice_2011_11_24_11_32_32_660_2_1.asc,lu_s_2011_11_24_11_32_32_657_2_1.asc,tprice_2011_11_24_11_32_32_664_2_1.asc,trans_2011_11_24_11_32_27_656.csv
152,52,1,0,61,61,31,31,400,3721,2,1,2,160,10,4000,1,0,0.5,0.1,0.75,2,lu_s_2011_11_24_11_32_38_262_2_1.asc,tprice_2011_11_24_11_32_38_335_2_1.asc,lu_s_2011_11_24_11_32_38_329_2_1.asc,tprice_2011_11_24_11_32_38_347_2_1.asc,trans_2011_11_24_11_32_32_711.csv
153,52,1,0,61,61,31,31,400,3721,2,1,2,160,10,4000,1,0,0.5,0.2,0.75,2,lu_s_2011_11_24_11_32_44_098_2_1.asc,tprice_2011_11_24_11_32_44_102_2_1.asc,lu_s_2011_11_24_11_32_44_100_2_1.asc,tprice_2011_11_24_11_32_44_106_2_1.asc,trans_2011_11_24_11_32_38_376.csv
154,52,1,0,61,61,31,31,400,3721,2,1,2,160,10,4000,1,0,0.5,0.3,0.75,2,lu_s_2011_11_24_11_32_49_994_2_1.asc,tprice_2011_11_24_11_32_50_015_2_1.asc,lu_s_2011_11_24_11_32_50_011_2_1.asc,tprice_2011_11_24_11_32_50_018_2_1.asc,trans_2011_11_24_11_32_44_138.csv
155,52,1,0,61,61,31,31,400,3721,2,1,2,160,10,4000,1,0,0.5,0.4,0.75,2,lu_s_2011_11_24_11_32_55_589_2_1.asc,tprice_2011_11_24_11_32_55_594_2_1.asc,lu_s_2011_11_24_11_32_55_591_2_1.asc,tprice_2011_11_24_11_32_55_597_2_1.asc,trans_2011_11_24_11_32_50_048.csv
156,52,1,0,61,61,31,31,400,3721,2,1,2,160,10,4000,1,0,0.5,0.5,0.75,2,lu_s_2011_11_24_11_33_00_967_2_1.asc,tprice_2011_11_24_11_33_01_018_2_1.asc,lu_s_2011_11_24_11_33_00_998_2_1.asc,tprice_2011_11_24_11_33_01_021_2_1.asc,trans_2011_11_24_11_32_55_604.csv
157,52,1,0,61,61,31,31,400,3721,2,1,2,160,20,4000,1,0,0.5,0,0.75,2,lu_s_2011_11_24_11_33_06_291_2_1.asc,tprice_2011_11_24_11_33_06_325_2_1.asc,lu_s_2011_11_24_11_33_06_294_2_1.asc,tprice_2011_11_24_11_33_06_328_2_1.asc,trans_2011_11_24_11_33_01_036.csv
158,52,1,0,61,61,31,31,400,3721,2,1,2,160,20,4000,1,0,0.5,0.1,0.75,2,lu_s_2011_11_24_11_33_12_042_2_1.asc,tprice_2011_11_24_11_33_12_069_2_1.asc,lu_s_2011_11_24_11_33_12_067_2_1.asc,tprice_2011_11_24_11_33_12_082_2_1.asc,trans_2011_11_24_11_33_06_346.csv
159,52,1,0,61,61,31,31,400,3721,2,1,2,160,20,4000,1,0,0.5,0.2,0.75,2,lu_s_2011_11_24_11_33_18_098_2_1.asc,tprice_2011_11_24_11_33_18_146_2_1.asc,lu_s_2011_11_24_11_33_18_100_2_1.asc,tprice_2011_11_24_11_33_18_170_2_1.asc,trans_2011_11_24_11_33_12_107.csv
160,52,1,0,61,61,31,31,400,3721,2,1,2,160,20,4000,1,0,0.5,0.3,0.75,2,lu_s_2011_11_24_11_33_24_217_2_1.asc,tprice_2011_11_24_11_33_24_222_2_1.asc,lu_s_2011_11_24_11_33_24_219_2_1.asc,tprice_2011_11_24_11_33_24_241_2_1.asc,trans_2011_11_24_11_33_18_187.csv
161,52,1,0,61,61,31,31,400,3721,2,1,2,160,20,4000,1,0,0.5,0.4,0.75,2,lu_s_2011_11_24_11_33_29_990_2_1.asc,tprice_2011_11_24_11_33_30_006_2_1.asc,lu_s_2011_11_24_11_33_30_004_2_1.asc,tprice_2011_11_24_11_33_30_010_2_1.asc,trans_2011_11_24_11_33_24_249.csv
162,52,1,0,61,61,31,31,400,3721,2,1,2,160,20,4000,1,0,0.5,0.5,0.75,2,lu_s_2011_11_24_11_33_35_302_2_1.asc,tprice_2011_11_24_11_33_35_305_2_1.asc,lu_s_2011_11_24_11_33_35_304_2_1.asc,tprice_2011_11_24_11_33_35_308_2_1.asc,trans_2011_11_24_11_33_30_030.csv
163,52,1,0,61,61,31,31,400,3721,2,1,2,160,30,4000,1,0,0.5,0,0.75,2,lu_s_2011_11_24_11_33_40_013_2_1.asc,tprice_2011_11_24_11_33_40_047_2_1.asc,lu_s_2011_11_24_11_33_40_044_2_1.asc,tprice_2011_11_24_11_33_40_050_2_1.asc,trans_2011_11_24_11_33_35_318.csv
164,52,1,0,61,61,31,31,400,3721,2,1,2,160,30,4000,1,0,0.5,0.1,0.75,2,lu_s_2011_11_24_11_33_45_424_2_1.asc,tprice_2011_11_24_11_33_45_456_2_1.asc,lu_s_2011_11_24_11_33_45_426_2_1.asc,tprice_2011_11_24_11_33_45_458_2_1.asc,trans_2011_11_24_11_33_40_060.csv
165,52,1,0,61,61,31,31,400,3721,2,1,2,160,30,4000,1,0,0.5,0.2,0.75,2,lu_s_2011_11_24_11_33_50_895_2_1.asc,tprice_2011_11_24_11_33_50_900_2_1.asc,lu_s_2011_11_24_11_33_50_898_2_1.asc,tprice_2011_11_24_11_33_50_907_2_1.asc,trans_2011_11_24_11_33_45_469.csv
166,52,1,0,61,61,31,31,400,3721,2,1,2,160,30,4000,1,0,0.5,0.3,0.75,2,lu_s_2011_11_24_11_33_55_780_2_1.asc,tprice_2011_11_24_11_33_55_817_2_1.asc,lu_s_2011_11_24_11_33_55_814_2_1.asc,tprice_2011_11_24_11_33_55_827_2_1.asc,trans_2011_11_24_11_33_50_925.csv
167,52,1,0,61,61,31,31,400,3721,2,1,2,160,30,4000,1,0,0.5,0.4,0.75,2,lu_s_2011_11_24_11_34_00_668_2_1.asc,tprice_2011_11_24_11_34_00_673_2_1.asc,lu_s_2011_11_24_11_34_00_671_2_1.asc,tprice_2011_11_24_11_34_00_675_2_1.asc,trans_2011_11_24_11_33_55_836.csv
168,52,1,0,61,61,31,31,400,3721,2,1,2,160,30,4000,1,0,0.5,0.5,0.75,2,lu_s_2011_11_24_11_34_05_816_2_1.asc,tprice_2011_11_24_11_34_05_820_2_1.asc,lu_s_2011_11_24_11_34_05_818_2_1.asc,tprice_2011_11_24_11_34_05_824_2_1.asc,trans_2011_11_24_11_34_00_686.csv
169,52,1,0,61,61,31,31,400,3721,2,1,2,160,40,4000,1,0,0.5,0,0.75,2,lu_s_2011_11_24_11_34_10_665_2_1.asc,tprice_2011_11_24_11_34_10_670_2_1.asc,lu_s_2011_11_24_11_34_10_667_2_1.asc,tprice_2011_11_24_11_34_10_672_2_1.asc,trans_2011_11_24_11_34_05_834.csv
170,52,1,0,61,61,31,31,400,3721,2,1,2,160,40,4000,1,0,0.5,0.1,0.75,2,lu_s_2011_11_24_11_34_15_957_2_1.asc,tprice_2011_11_24_11_34_15_961_2_1.asc,lu_s_2011_11_24_11_34_15_959_2_1.asc,tprice_2011_11_24_11_34_15_964_2_1.asc,trans_2011_11_24_11_34_10_682.csv
171,52,1,0,61,61,31,31,400,3721,2,1,2,160,40,4000,1,0,0.5,0.2,0.75,2,lu_s_2011_11_24_11_34_21_866_2_1.asc,tprice_2011_11_24_11_34_21_876_2_1.asc,lu_s_2011_11_24_11_34_21_873_2_1.asc,tprice_2011_11_24_11_34_21_881_2_1.asc,trans_2011_11_24_11_34_15_978.csv
172,52,1,0,61,61,31,31,400,3721,2,1,2,160,40,4000,1,0,0.5,0.3,0.75,2,lu_s_2011_11_24_11_34_27_476_2_1.asc,tprice_2011_11_24_11_34_27_480_2_1.asc,lu_s_2011_11_24_11_34_27_478_2_1.asc,tprice_2011_11_24_11_34_27_484_2_1.asc,trans_2011_11_24_11_34_21_914.csv
173,52,1,0,61,61,31,31,400,3721,2,1,2,160,40,4000,1,0,0.5,0.4,0.75,2,lu_s_2011_11_24_11_34_33_230_2_1.asc,tprice_2011_11_24_11_34_33_235_2_1.asc,lu_s_2011_11_24_11_34_33_232_2_1.asc,tprice_2011_11_24_11_34_33_238_2_1.asc,trans_2011_11_24_11_34_27_574.csv
174,52,1,0,61,61,31,31,400,3721,2,1,2,160,40,4000,1,0,0.5,0.5,0.75,2,lu_s_2011_11_24_11_34_39_065_2_1.asc,tprice_2011_11_24_11_34_39_069_2_1.asc,lu_s_2011_11_24_11_34_39_067_2_1.asc,tprice_2011_11_24_11_34_39_096_2_1.asc,trans_2011_11_24_11_34_33_250.csv
175,52,1,0,61,61,31,31,400,3721,2,1,2,160,50,4000,1,0,0.5,0,0.75,2,lu_s_2011_11_24_11_34_44_201_2_1.asc,tprice_2011_11_24_11_34_44_206_2_1.asc,lu_s_2011_11_24_11_34_44_203_2_1.asc,tprice_2011_11_24_11_34_44_209_2_1.asc,trans_2011_11_24_11_34_39_103.csv
176,52,1,0,61,61,31,31,400,3721,2,1,2,160,50,4000,1,0,0.5,0.1,0.75,2,lu_s_2011_11_24_11_34_49_634_2_1.asc,tprice_2011_11_24_11_34_49_638_2_1.asc,lu_s_2011_11_24_11_34_49_636_2_1.asc,tprice_2011_11_24_11_34_49_642_2_1.asc,trans_2011_11_24_11_34_44_230.csv
177,52,1,0,61,61,31,31,400,3721,2,1,2,160,50,4000,1,0,0.5,0.2,0.75,2,lu_s_2011_11_24_11_34_55_011_2_1.asc,tprice_2011_11_24_11_34_55_015_2_1.asc,lu_s_2011_11_24_11_34_55_013_2_1.asc,tprice_2011_11_24_11_34_55_017_2_1.asc,trans_2011_11_24_11_34_49_657.csv
178,52,1,0,61,61,31,31,400,3721,2,1,2,160,50,4000,1,0,0.5,0.3,0.75,2,lu_s_2011_11_24_11_35_00_810_2_1.asc,tprice_2011_11_24_11_35_00_815_2_1.asc,lu_s_2011_11_24_11_35_00_812_2_1.asc,tprice_2011_11_24_11_35_00_818_2_1.asc,trans_2011_11_24_11_34_55_025.csv
179,52,1,0,61,61,31,31,400,3721,2,1,2,160,50,4000,1,0,0.5,0.4,0.75,2,lu_s_2011_11_24_11_35_06_211_2_1.asc,tprice_2011_11_24_11_35_06_216_2_1.asc,lu_s_2011_11_24_11_35_06_212_2_1.asc,tprice_2011_11_24_11_35_06_218_2_1.asc,trans_2011_11_24_11_35_00_826.csv
180,52,1,0,61,61,31,31,400,3721,2,1,2,160,50,4000,1,0,0.5,0.5,0.75,2,lu_s_2011_11_24_11_35_11_323_2_1.asc,tprice_2011_11_24_11_35_11_327_2_1.asc,lu_s_2011_11_24_11_35_11_325_2_1.asc,tprice_2011_11_24_11_35_11_330_2_1.asc,trans_2011_11_24_11_35_06_225.csv
181,52,1,0,61,61,31,31,400,3721,2,1,2,160,0,4000,400,0,0.5,0,0.75,222,lu_s_2011_11_24_11_42_42_655_222_1.asc,tprice_2011_11_24_11_42_42_659_222_1.asc,lu_s_2011_11_24_11_42_42_657_222_1.asc,tprice_2011_11_24_11_42_42_695_222_1.asc,trans_2011_11_24_11_35_11_345.csv
182,52,1,0,61,61,31,31,400,3721,2,1,2,160,0,4000,400,0,0.5,0.1,0.75,113,lu_s_2011_11_24_11_47_35_944_113_1.asc,tprice_2011_11_24_11_47_36_017_113_1.asc,lu_s_2011_11_24_11_47_36_015_113_1.asc,tprice_2011_11_24_11_47_36_020_113_1.asc,trans_2011_11_24_11_42_42_703.csv
183,52,1,0,61,61,31,31,400,3721,2,1,2,160,0,4000,400,0,0.5,0.2,0.75,97,lu_s_2011_11_24_11_51_51_169_97_1.asc,tprice_2011_11_24_11_51_51_216_97_1.asc,lu_s_2011_11_24_11_51_51_188_97_1.asc,tprice_2011_11_24_11_51_51_224_97_1.asc,trans_2011_11_24_11_47_36_031.csv
184,52,1,0,61,61,31,31,400,3721,2,1,2,160,0,4000,400,0,0.5,0.3,0.75,104,lu_s_2011_11_24_11_56_15_779_104_1.asc,tprice_2011_11_24_11_56_15_815_104_1.asc,lu_s_2011_11_24_11_56_15_812_104_1.asc,tprice_2011_11_24_11_56_15_820_104_1.asc,trans_2011_11_24_11_51_51_238.csv
185,52,1,0,61,61,31,31,400,3721,2,1,2,160,0,4000,400,0,0.5,0.4,0.75,98,lu_s_2011_11_24_12_00_25_310_98_1.asc,tprice_2011_11_24_12_00_25_356_98_1.asc,lu_s_2011_11_24_12_00_25_351_98_1.asc,tprice_2011_11_24_12_00_25_378_98_1.asc,trans_2011_11_24_11_56_15_842.csv
186,52,1,0,61,61,31,31,400,3721,2,1,2,160,0,4000,400,0,0.5,0.5,0.75,91,lu_s_2011_11_24_12_04_15_488_91_1.asc,tprice_2011_11_24_12_04_15_531_91_1.asc,lu_s_2011_11_24_12_04_15_520_91_1.asc,tprice_2011_11_24_12_04_15_534_91_1.asc,trans_2011_11_24_12_00_25_415.csv
187,52,1,0,61,61,31,31,400,3721,2,1,2,160,10,4000,400,0,0.5,0,0.75,222,lu_s_2011_11_24_12_12_11_528_222_1.asc,tprice_2011_11_24_12_12_11_570_222_1.asc,lu_s_2011_11_24_12_12_11_567_222_1.asc,tprice_2011_11_24_12_12_11_573_222_1.asc,trans_2011_11_24_12_04_15_546.csv
188,52,1,0,61,61,31,31,400,3721,2,1,2,160,10,4000,400,0,0.5,0.1,0.75,99,lu_s_2011_11_24_12_16_13_488_99_1.asc,tprice_2011_11_24_12_16_13_613_99_1.asc,lu_s_2011_11_24_12_16_13_522_99_1.asc,tprice_2011_11_24_12_16_13_742_99_1.asc,trans_2011_11_24_12_12_11_585.csv
189,52,1,0,61,61,31,31,400,3721,2,1,2,160,10,4000,400,0,0.5,0.2,0.75,99,lu_s_2011_11_24_12_20_28_167_99_1.asc,tprice_2011_11_24_12_20_28_208_99_1.asc,lu_s_2011_11_24_12_20_28_206_99_1.asc,tprice_2011_11_24_12_20_28_212_99_1.asc,trans_2011_11_24_12_16_13_823.csv
190,52,1,0,61,61,31,31,400,3721,2,1,2,160,10,4000,400,0,0.5,0.3,0.75,91,lu_s_2011_11_24_12_24_20_530_91_1.asc,tprice_2011_11_24_12_24_20_568_91_1.asc,lu_s_2011_11_24_12_24_20_566_91_1.asc,tprice_2011_11_24_12_24_20_574_91_1.asc,trans_2011_11_24_12_20_28_229.csv
191,52,1,0,61,61,31,31,400,3721,2,1,2,160,10,4000,400,0,0.5,0.4,0.75,102,lu_s_2011_11_24_12_28_39_601_102_1.asc,tprice_2011_11_24_12_28_39_635_102_1.asc,lu_s_2011_11_24_12_28_39_630_102_1.asc,tprice_2011_11_24_12_28_39_665_102_1.asc,trans_2011_11_24_12_24_20_595.csv
192,52,1,0,61,61,31,31,400,3721,2,1,2,160,10,4000,400,0,0.5,0.5,0.75,94,lu_s_2011_11_24_12_32_34_231_94_1.asc,tprice_2011_11_24_12_32_34_261_94_1.asc,lu_s_2011_11_24_12_32_34_258_94_1.asc,tprice_2011_11_24_12_32_34_263_94_1.asc,trans_2011_11_24_12_28_39_681.csv
193,52,1,0,61,61,31,31,400,3721,2,1,2,160,20,4000,400,0,0.5,0,0.75,222,lu_s_2011_11_24_12_40_36_104_222_1.asc,tprice_2011_11_24_12_40_36_139_222_1.asc,lu_s_2011_11_24_12_40_36_137_222_1.asc,tprice_2011_11_24_12_40_36_144_222_1.asc,trans_2011_11_24_12_32_34_286.csv
194,52,1,0,61,61,31,31,400,3721,2,1,2,160,20,4000,400,0,0.5,0.1,0.75,101,lu_s_2011_11_24_12_45_20_385_101_1.asc,tprice_2011_11_24_12_45_20_416_101_1.asc,lu_s_2011_11_24_12_45_20_414_101_1.asc,tprice_2011_11_24_12_45_20_419_101_1.asc,trans_2011_11_24_12_40_36_156.csv
195,52,1,0,61,61,31,31,400,3721,2,1,2,160,20,4000,400,0,0.5,0.2,0.75,105,lu_s_2011_11_24_12_49_47_341_105_1.asc,tprice_2011_11_24_12_49_47_375_105_1.asc,lu_s_2011_11_24_12_49_47_373_105_1.asc,tprice_2011_11_24_12_49_47_381_105_1.asc,trans_2011_11_24_12_45_20_430.csv
196,52,1,0,61,61,31,31,400,3721,2,1,2,160,20,4000,400,0,0.5,0.3,0.75,94,lu_s_2011_11_24_12_53_36_313_94_1.asc,tprice_2011_11_24_12_53_36_346_94_1.asc,lu_s_2011_11_24_12_53_36_341_94_1.asc,tprice_2011_11_24_12_53_36_350_94_1.asc,trans_2011_11_24_12_49_47_392.csv
197,52,1,0,61,61,31,31,400,3721,2,1,2,160,20,4000,400,0,0.5,0.4,0.75,102,lu_s_2011_11_24_12_57_48_350_102_1.asc,tprice_2011_11_24_12_57_48_383_102_1.asc,lu_s_2011_11_24_12_57_48_379_102_1.asc,tprice_2011_11_24_12_57_48_388_102_1.asc,trans_2011_11_24_12_53_36_364.csv
198,52,1,0,61,61,31,31,400,3721,2,1,2,160,20,4000,400,0,0.5,0.5,0.75,103,lu_s_2011_11_24_13_01_22_279_103_1.asc,tprice_2011_11_24_13_01_22_310_103_1.asc,lu_s_2011_11_24_13_01_22_307_103_1.asc,tprice_2011_11_24_13_01_22_313_103_1.asc,trans_2011_11_24_12_57_48_399.csv
199,52,1,0,61,61,31,31,400,3721,2,1,2,160,30,4000,400,0,0.5,0,0.75,222,lu_s_2011_11_24_13_09_12_208_222_1.asc,tprice_2011_11_24_13_09_12_245_222_1.asc,lu_s_2011_11_24_13_09_12_242_222_1.asc,tprice_2011_11_24_13_09_12_250_222_1.asc,trans_2011_11_24_13_01_22_322.csv
200,52,1,0,61,61,31,31,400,3721,2,1,2,160,30,4000,400,0,0.5,0.1,0.75,103,lu_s_2011_11_24_13_14_03_230_103_1.asc,tprice_2011_11_24_13_14_03_267_103_1.asc,lu_s_2011_11_24_13_14_03_264_103_1.asc,tprice_2011_11_24_13_14_03_275_103_1.asc,trans_2011_11_24_13_09_12_263.csv
201,52,1,0,61,61,31,31,400,3721,2,1,2,160,30,4000,400,0,0.5,0.2,0.75,109,lu_s_2011_11_24_13_18_10_048_109_1.asc,tprice_2011_11_24_13_18_10_088_109_1.asc,lu_s_2011_11_24_13_18_10_083_109_1.asc,tprice_2011_11_24_13_18_10_112_109_1.asc,trans_2011_11_24_13_14_03_330.csv
202,52,1,0,61,61,31,31,400,3721,2,1,2,160,30,4000,400,0,0.5,0.3,0.75,99,lu_s_2011_11_24_13_21_49_098_99_1.asc,tprice_2011_11_24_13_21_49_136_99_1.asc,lu_s_2011_11_24_13_21_49_134_99_1.asc,tprice_2011_11_24_13_21_49_141_99_1.asc,trans_2011_11_24_13_18_10_223.csv
203,52,1,0,61,61,31,31,400,3721,2,1,2,160,30,4000,400,0,0.5,0.4,0.75,101,lu_s_2011_11_24_13_25_47_178_101_1.asc,tprice_2011_11_24_13_25_47_211_101_1.asc,lu_s_2011_11_24_13_25_47_208_101_1.asc,tprice_2011_11_24_13_25_47_214_101_1.asc,trans_2011_11_24_13_21_49_150.csv
204,52,1,0,61,61,31,31,400,3721,2,1,2,160,30,4000,400,0,0.5,0.5,0.75,104,lu_s_2011_11_24_13_29_41_076_104_1.asc,tprice_2011_11_24_13_29_41_210_104_1.asc,lu_s_2011_11_24_13_29_41_148_104_1.asc,tprice_2011_11_24_13_29_41_215_104_1.asc,trans_2011_11_24_13_25_47_229.csv
205,52,1,0,61,61,31,31,400,3721,2,1,2,160,40,4000,400,0,0.5,0,0.75,205,lu_s_2011_11_24_13_37_50_204_205_1.asc,tprice_2011_11_24_13_37_50_250_205_1.asc,lu_s_2011_11_24_13_37_50_247_205_1.asc,tprice_2011_11_24_13_37_50_254_205_1.asc,trans_2011_11_24_13_29_41_235.csv
206,52,1,0,61,61,31,31,400,3721,2,1,2,160,40,4000,400,0,0.5,0.1,0.75,108,lu_s_2011_11_24_13_42_51_014_108_1.asc,tprice_2011_11_24_13_42_51_054_108_1.asc,lu_s_2011_11_24_13_42_51_050_108_1.asc,tprice_2011_11_24_13_42_51_058_108_1.asc,trans_2011_11_24_13_37_50_261.csv
207,52,1,0,61,61,31,31,400,3721,2,1,2,160,40,4000,400,0,0.5,0.2,0.75,96,lu_s_2011_11_24_13_46_40_781_96_1.asc,tprice_2011_11_24_13_46_40_820_96_1.asc,lu_s_2011_11_24_13_46_40_818_96_1.asc,tprice_2011_11_24_13_46_40_823_96_1.asc,trans_2011_11_24_13_42_51_114.csv
208,52,1,0,61,61,31,31,400,3721,2,1,2,160,40,4000,400,0,0.5,0.3,0.75,97,lu_s_2011_11_24_13_50_33_619_97_1.asc,tprice_2011_11_24_13_50_33_660_97_1.asc,lu_s_2011_11_24_13_50_33_657_97_1.asc,tprice_2011_11_24_13_50_33_664_97_1.asc,trans_2011_11_24_13_46_40_831.csv
209,52,1,0,61,61,31,31,400,3721,2,1,2,160,40,4000,400,0,0.5,0.4,0.75,87,lu_s_2011_11_24_13_53_57_233_87_1.asc,tprice_2011_11_24_13_53_57_265_87_1.asc,lu_s_2011_11_24_13_53_57_235_87_1.asc,tprice_2011_11_24_13_53_57_268_87_1.asc,trans_2011_11_24_13_50_33_678.csv
210,52,1,0,61,61,31,31,400,3721,2,1,2,160,40,4000,400,0,0.5,0.5,0.75,94,lu_s_2011_11_24_13_57_37_551_94_1.asc,tprice_2011_11_24_13_57_37_611_94_1.asc,lu_s_2011_11_24_13_57_37_571_94_1.asc,tprice_2011_11_24_13_57_37_613_94_1.asc,trans_2011_11_24_13_53_57_275.csv
211,52,1,0,61,61,31,31,400,3721,2,1,2,160,50,4000,400,0,0.5,0,0.75,217,lu_s_2011_11_24_14_05_10_964_217_1.asc,tprice_2011_11_24_14_05_10_998_217_1.asc,lu_s_2011_11_24_14_05_10_966_217_1.asc,tprice_2011_11_24_14_05_11_000_217_1.asc,trans_2011_11_24_13_57_37_702.csv
212,52,1,0,61,61,31,31,400,3721,2,1,2,160,50,4000,400,0,0.5,0.1,0.75,111,lu_s_2011_11_24_14_10_40_199_111_1.asc,tprice_2011_11_24_14_10_40_242_111_1.asc,lu_s_2011_11_24_14_10_40_238_111_1.asc,tprice_2011_11_24_14_10_40_268_111_1.asc,trans_2011_11_24_14_05_11_007.csv
213,52,1,0,61,61,31,31,400,3721,2,1,2,160,50,4000,400,0,0.5,0.2,0.75,102,lu_s_2011_11_24_14_14_51_413_102_1.asc,tprice_2011_11_24_14_14_51_443_102_1.asc,lu_s_2011_11_24_14_14_51_415_102_1.asc,tprice_2011_11_24_14_14_51_445_102_1.asc,trans_2011_11_24_14_10_40_297.csv
214,52,1,0,61,61,31,31,400,3721,2,1,2,160,50,4000,400,0,0.5,0.3,0.75,101,lu_s_2011_11_24_14_18_31_435_101_1.asc,tprice_2011_11_24_14_18_31_474_101_1.asc,lu_s_2011_11_24_14_18_31_472_101_1.asc,tprice_2011_11_24_14_18_31_477_101_1.asc,trans_2011_11_24_14_14_51_451.csv
215,52,1,0,61,61,31,31,400,3721,2,1,2,160,50,4000,400,0,0.5,0.4,0.75,88,lu_s_2011_11_24_14_21_49_141_88_1.asc,tprice_2011_11_24_14_21_49_179_88_1.asc,lu_s_2011_11_24_14_21_49_176_88_1.asc,tprice_2011_11_24_14_21_49_183_88_1.asc,trans_2011_11_24_14_18_31_485.csv
216,52,1,0,61,61,31,31,400,3721,2,1,2,160,50,4000,400,0,0.5,0.5,0.75,98,lu_s_2011_11_24_14_26_00_104_98_1.asc,tprice_2011_11_24_14_26_00_118_98_1.asc,lu_s_2011_11_24_14_26_00_114_98_1.asc,tprice_2011_11_24_14_26_00_126_98_1.asc,trans_2011_11_24_14_21_49_192.csv
217,52,1,0,61,61,31,31,400,3721,2,1,2,160,0,4000,1,100,0.5,0,0.75,2,lu_s_2011_11_24_14_26_35_505_2_1.asc,tprice_2011_11_24_14_26_35_529_2_1.asc,lu_s_2011_11_24_14_26_35_526_2_1.asc,tprice_2011_11_24_14_26_35_532_2_1.asc,trans_2011_11_24_14_26_00_179.csv
218,52,1,0,61,61,31,31,400,3721,2,1,2,160,0,4000,1,100,0.5,0.1,0.75,2,lu_s_2011_11_24_14_27_04_820_2_1.asc,tprice_2011_11_24_14_27_04_842_2_1.asc,lu_s_2011_11_24_14_27_04_836_2_1.asc,tprice_2011_11_24_14_27_04_846_2_1.asc,trans_2011_11_24_14_26_35_557.csv
219,52,1,0,61,61,31,31,400,3721,2,1,2,160,0,4000,1,100,0.5,0.2,0.75,2,lu_s_2011_11_24_14_27_27_513_2_1.asc,tprice_2011_11_24_14_27_27_704_2_1.asc,lu_s_2011_11_24_14_27_27_639_2_1.asc,tprice_2011_11_24_14_27_27_748_2_1.asc,trans_2011_11_24_14_27_04_854.csv
220,52,1,0,61,61,31,31,400,3721,2,1,2,160,0,4000,1,100,0.5,0.3,0.75,2,lu_s_2011_11_24_14_27_48_522_2_1.asc,tprice_2011_11_24_14_27_48_555_2_1.asc,lu_s_2011_11_24_14_27_48_552_2_1.asc,tprice_2011_11_24_14_27_48_558_2_1.asc,trans_2011_11_24_14_27_27_920.csv
221,52,1,0,61,61,31,31,400,3721,2,1,2,160,0,4000,1,100,0.5,0.4,0.75,2,lu_s_2011_11_24_14_28_08_950_2_1.asc,tprice_2011_11_24_14_28_09_078_2_1.asc,lu_s_2011_11_24_14_28_09_035_2_1.asc,tprice_2011_11_24_14_28_09_080_2_1.asc,trans_2011_11_24_14_27_48_564.csv
222,52,1,0,61,61,31,31,400,3721,2,1,2,160,0,4000,1,100,0.5,0.5,0.75,2,lu_s_2011_11_24_14_28_30_336_2_1.asc,tprice_2011_11_24_14_28_30_361_2_1.asc,lu_s_2011_11_24_14_28_30_359_2_1.asc,tprice_2011_11_24_14_28_30_366_2_1.asc,trans_2011_11_24_14_28_09_111.csv
223,52,1,0,61,61,31,31,400,3721,2,1,2,160,10,4000,1,100,0.5,0,0.75,2,lu_s_2011_11_24_14_28_52_607_2_1.asc,tprice_2011_11_24_14_28_52_633_2_1.asc,lu_s_2011_11_24_14_28_52_629_2_1.asc,tprice_2011_11_24_14_28_52_636_2_1.asc,trans_2011_11_24_14_28_30_372.csv
224,52,1,0,61,61,31,31,400,3721,2,1,2,160,10,4000,1,100,0.5,0.1,0.75,2,lu_s_2011_11_24_14_29_18_186_2_1.asc,tprice_2011_11_24_14_29_18_237_2_1.asc,lu_s_2011_11_24_14_29_18_233_2_1.asc,tprice_2011_11_24_14_29_18_240_2_1.asc,trans_2011_11_24_14_28_52_642.csv
225,52,1,0,61,61,31,31,400,3721,2,1,2,160,10,4000,1,100,0.5,0.2,0.75,2,lu_s_2011_11_24_14_29_41_514_2_1.asc,tprice_2011_11_24_14_29_41_553_2_1.asc,lu_s_2011_11_24_14_29_41_550_2_1.asc,tprice_2011_11_24_14_29_41_556_2_1.asc,trans_2011_11_24_14_29_18_248.csv
226,52,1,0,61,61,31,31,400,3721,2,1,2,160,10,4000,1,100,0.5,0.3,0.75,2,lu_s_2011_11_24_14_30_04_276_2_1.asc,tprice_2011_11_24_14_30_04_359_2_1.asc,lu_s_2011_11_24_14_30_04_312_2_1.asc,tprice_2011_11_24_14_30_04_362_2_1.asc,trans_2011_11_24_14_29_41_569.csv
227,52,1,0,61,61,31,31,400,3721,2,1,2,160,10,4000,1,100,0.5,0.4,0.75,2,lu_s_2011_11_24_14_30_27_960_2_1.asc,tprice_2011_11_24_14_30_27_986_2_1.asc,lu_s_2011_11_24_14_30_27_980_2_1.asc,tprice_2011_11_24_14_30_27_990_2_1.asc,trans_2011_11_24_14_30_04_371.csv
228,52,1,0,61,61,31,31,400,3721,2,1,2,160,10,4000,1,100,0.5,0.5,0.75,2,lu_s_2011_11_24_14_30_53_059_2_1.asc,tprice_2011_11_24_14_30_53_103_2_1.asc,lu_s_2011_11_24_14_30_53_097_2_1.asc,tprice_2011_11_24_14_30_53_107_2_1.asc,trans_2011_11_24_14_30_28_031.csv
229,52,1,0,61,61,31,31,400,3721,2,1,2,160,20,4000,1,100,0.5,0,0.75,2,lu_s_2011_11_24_14_31_18_544_2_1.asc,tprice_2011_11_24_14_31_18_584_2_1.asc,lu_s_2011_11_24_14_31_18_580_2_1.asc,tprice_2011_11_24_14_31_18_586_2_1.asc,trans_2011_11_24_14_30_53_113.csv
230,52,1,0,61,61,31,31,400,3721,2,1,2,160,20,4000,1,100,0.5,0.1,0.75,2,lu_s_2011_11_24_14_31_44_772_2_1.asc,tprice_2011_11_24_14_31_44_811_2_1.asc,lu_s_2011_11_24_14_31_44_809_2_1.asc,tprice_2011_11_24_14_31_44_817_2_1.asc,trans_2011_11_24_14_31_18_595.csv
231,52,1,0,61,61,31,31,400,3721,2,1,2,160,20,4000,1,100,0.5,0.2,0.75,2,lu_s_2011_11_24_14_32_11_605_2_1.asc,tprice_2011_11_24_14_32_11_669_2_1.asc,lu_s_2011_11_24_14_32_11_661_2_1.asc,tprice_2011_11_24_14_32_11_671_2_1.asc,trans_2011_11_24_14_31_44_825.csv
232,52,1,0,61,61,31,31,400,3721,2,1,2,160,20,4000,1,100,0.5,0.3,0.75,2,lu_s_2011_11_24_14_32_38_585_2_1.asc,tprice_2011_11_24_14_32_38_610_2_1.asc,lu_s_2011_11_24_14_32_38_605_2_1.asc,tprice_2011_11_24_14_32_38_613_2_1.asc,trans_2011_11_24_14_32_11_683.csv
233,52,1,0,61,61,31,31,400,3721,2,1,2,160,20,4000,1,100,0.5,0.4,0.75,2,lu_s_2011_11_24_14_33_05_649_2_1.asc,tprice_2011_11_24_14_33_05_691_2_1.asc,lu_s_2011_11_24_14_33_05_689_2_1.asc,tprice_2011_11_24_14_33_05_694_2_1.asc,trans_2011_11_24_14_32_38_625.csv
234,52,1,0,61,61,31,31,400,3721,2,1,2,160,20,4000,1,100,0.5,0.5,0.75,2,lu_s_2011_11_24_14_33_33_774_2_1.asc,tprice_2011_11_24_14_33_33_810_2_1.asc,lu_s_2011_11_24_14_33_33_808_2_1.asc,tprice_2011_11_24_14_33_33_812_2_1.asc,trans_2011_11_24_14_33_05_704.csv
235,52,1,0,61,61,31,31,400,3721,2,1,2,160,30,4000,1,100,0.5,0,0.75,2,lu_s_2011_11_24_14_33_59_535_2_1.asc,tprice_2011_11_24_14_33_59_573_2_1.asc,lu_s_2011_11_24_14_33_59_569_2_1.asc,tprice_2011_11_24_14_33_59_576_2_1.asc,trans_2011_11_24_14_33_33_818.csv
236,52,1,0,61,61,31,31,400,3721,2,1,2,160,30,4000,1,100,0.5,0.1,0.75,2,lu_s_2011_11_24_14_34_28_058_2_1.asc,tprice_2011_11_24_14_34_28_092_2_1.asc,lu_s_2011_11_24_14_34_28_088_2_1.asc,tprice_2011_11_24_14_34_28_095_2_1.asc,trans_2011_11_24_14_33_59_583.csv
237,52,1,0,61,61,31,31,400,3721,2,1,2,160,30,4000,1,100,0.5,0.2,0.75,2,lu_s_2011_11_24_14_34_55_316_2_1.asc,tprice_2011_11_24_14_34_55_353_2_1.asc,lu_s_2011_11_24_14_34_55_350_2_1.asc,tprice_2011_11_24_14_34_55_357_2_1.asc,trans_2011_11_24_14_34_28_106.csv
238,52,1,0,61,61,31,31,400,3721,2,1,2,160,30,4000,1,100,0.5,0.3,0.75,2,lu_s_2011_11_24_14_35_23_635_2_1.asc,tprice_2011_11_24_14_35_23_671_2_1.asc,lu_s_2011_11_24_14_35_23_669_2_1.asc,tprice_2011_11_24_14_35_23_673_2_1.asc,trans_2011_11_24_14_34_55_363.csv
239,52,1,0,61,61,31,31,400,3721,2,1,2,160,30,4000,1,100,0.5,0.4,0.75,2,lu_s_2011_11_24_14_35_51_213_2_1.asc,tprice_2011_11_24_14_35_51_244_2_1.asc,lu_s_2011_11_24_14_35_51_242_2_1.asc,tprice_2011_11_24_14_35_51_247_2_1.asc,trans_2011_11_24_14_35_23_679.csv
240,52,1,0,61,61,31,31,400,3721,2,1,2,160,30,4000,1,100,0.5,0.5,0.75,2,lu_s_2011_11_24_14_36_21_197_2_1.asc,tprice_2011_11_24_14_36_21_231_2_1.asc,lu_s_2011_11_24_14_36_21_229_2_1.asc,tprice_2011_11_24_14_36_21_235_2_1.asc,trans_2011_11_24_14_35_51_255.csv
241,52,1,0,61,61,31,31,400,3721,2,1,2,160,40,4000,1,100,0.5,0,0.75,2,lu_s_2011_11_24_14_36_49_190_2_1.asc,tprice_2011_11_24_14_36_49_219_2_1.asc,lu_s_2011_11_24_14_36_49_215_2_1.asc,tprice_2011_11_24_14_36_49_221_2_1.asc,trans_2011_11_24_14_36_21_241.csv
242,52,1,0,61,61,31,31,400,3721,2,1,2,160,40,4000,1,100,0.5,0.1,0.75,2,lu_s_2011_11_24_14_37_18_532_2_1.asc,tprice_2011_11_24_14_37_18_575_2_1.asc,lu_s_2011_11_24_14_37_18_567_2_1.asc,tprice_2011_11_24_14_37_18_598_2_1.asc,trans_2011_11_24_14_36_49_228.csv
243,52,1,0,61,61,31,31,400,3721,2,1,2,160,40,4000,1,100,0.5,0.2,0.75,2,lu_s_2011_11_24_14_37_50_208_2_1.asc,tprice_2011_11_24_14_37_50_256_2_1.asc,lu_s_2011_11_24_14_37_50_254_2_1.asc,tprice_2011_11_24_14_37_50_259_2_1.asc,trans_2011_11_24_14_37_18_618.csv
244,52,1,0,61,61,31,31,400,3721,2,1,2,160,40,4000,1,100,0.5,0.3,0.75,2,lu_s_2011_11_24_14_38_23_368_2_1.asc,tprice_2011_11_24_14_38_23_402_2_1.asc,lu_s_2011_11_24_14_38_23_398_2_1.asc,tprice_2011_11_24_14_38_23_405_2_1.asc,trans_2011_11_24_14_37_50_265.csv
245,52,1,0,61,61,31,31,400,3721,2,1,2,160,40,4000,1,100,0.5,0.4,0.75,2,lu_s_2011_11_24_14_38_58_536_2_1.asc,tprice_2011_11_24_14_38_58_568_2_1.asc,lu_s_2011_11_24_14_38_58_566_2_1.asc,tprice_2011_11_24_14_38_58_571_2_1.asc,trans_2011_11_24_14_38_23_413.csv
246,52,1,0,61,61,31,31,400,3721,2,1,2,160,40,4000,1,100,0.5,0.5,0.75,2,lu_s_2011_11_24_14_39_32_159_2_1.asc,tprice_2011_11_24_14_39_32_193_2_1.asc,lu_s_2011_11_24_14_39_32_189_2_1.asc,tprice_2011_11_24_14_39_32_197_2_1.asc,trans_2011_11_24_14_38_58_600.csv
247,52,1,0,61,61,31,31,400,3721,2,1,2,160,50,4000,1,100,0.5,0,0.75,2,lu_s_2011_11_24_14_40_04_718_2_1.asc,tprice_2011_11_24_14_40_04_861_2_1.asc,lu_s_2011_11_24_14_40_04_753_2_1.asc,tprice_2011_11_24_14_40_04_864_2_1.asc,trans_2011_11_24_14_39_32_205.csv
248,52,1,0,61,61,31,31,400,3721,2,1,2,160,50,4000,1,100,0.5,0.1,0.75,2,lu_s_2011_11_24_14_40_40_556_2_1.asc,tprice_2011_11_24_14_40_40_593_2_1.asc,lu_s_2011_11_24_14_40_40_589_2_1.asc,tprice_2011_11_24_14_40_40_596_2_1.asc,trans_2011_11_24_14_40_04_869.csv
249,52,1,0,61,61,31,31,400,3721,2,1,2,160,50,4000,1,100,0.5,0.2,0.75,2,lu_s_2011_11_24_14_41_15_354_2_1.asc,tprice_2011_11_24_14_41_15_392_2_1.asc,lu_s_2011_11_24_14_41_15_390_2_1.asc,tprice_2011_11_24_14_41_15_396_2_1.asc,trans_2011_11_24_14_40_40_604.csv
250,52,1,0,61,61,31,31,400,3721,2,1,2,160,50,4000,1,100,0.5,0.3,0.75,2,lu_s_2011_11_24_14_41_51_302_2_1.asc,tprice_2011_11_24_14_41_51_339_2_1.asc,lu_s_2011_11_24_14_41_51_335_2_1.asc,tprice_2011_11_24_14_41_51_342_2_1.asc,trans_2011_11_24_14_41_15_402.csv
251,52,1,0,61,61,31,31,400,3721,2,1,2,160,50,4000,1,100,0.5,0.4,0.75,2,lu_s_2011_11_24_14_42_22_574_2_1.asc,tprice_2011_11_24_14_42_22_613_2_1.asc,lu_s_2011_11_24_14_42_22_610_2_1.asc,tprice_2011_11_24_14_42_22_616_2_1.asc,trans_2011_11_24_14_41_51_348.csv
252,52,1,0,61,61,31,31,400,3721,2,1,2,160,50,4000,1,100,0.5,0.5,0.75,2,lu_s_2011_11_24_14_42_53_864_2_1.asc,tprice_2011_11_24_14_42_53_963_2_1.asc,lu_s_2011_11_24_14_42_53_908_2_1.asc,tprice_2011_11_24_14_42_54_022_2_1.asc,trans_2011_11_24_14_42_22_622.csv
253,52,1,0,61,61,31,31,400,3721,2,1,2,160,0,4000,400,100,0.5,0,0.75,87,lu_s_2011_11_24_14_48_34_653_87_1.asc,tprice_2011_11_24_14_48_34_684_87_1.asc,lu_s_2011_11_24_14_48_34_682_87_1.asc,tprice_2011_11_24_14_48_34_688_87_1.asc,trans_2011_11_24_14_42_54_198.csv
254,52,1,0,61,61,31,31,400,3721,2,1,2,160,0,4000,400,100,0.5,0.1,0.75,57,lu_s_2011_11_24_14_54_14_724_57_1.asc,tprice_2011_11_24_14_54_14_756_57_1.asc,lu_s_2011_11_24_14_54_14_754_57_1.asc,tprice_2011_11_24_14_54_14_759_57_1.asc,trans_2011_11_24_14_48_34_749.csv
255,52,1,0,61,61,31,31,400,3721,2,1,2,160,0,4000,400,100,0.5,0.2,0.75,54,lu_s_2011_11_24_14_59_34_376_54_1.asc,tprice_2011_11_24_14_59_34_416_54_1.asc,lu_s_2011_11_24_14_59_34_413_54_1.asc,tprice_2011_11_24_14_59_34_418_54_1.asc,trans_2011_11_24_14_54_14_767.csv
256,52,1,0,61,61,31,31,400,3721,2,1,2,160,0,4000,400,100,0.5,0.3,0.75,60,lu_s_2011_11_24_15_06_01_448_60_1.asc,tprice_2011_11_24_15_06_01_486_60_1.asc,lu_s_2011_11_24_15_06_01_482_60_1.asc,tprice_2011_11_24_15_06_01_488_60_1.asc,trans_2011_11_24_14_59_34_425.csv
257,52,1,0,61,61,31,31,400,3721,2,1,2,160,0,4000,400,100,0.5,0.4,0.75,59,lu_s_2011_11_24_15_12_25_266_59_1.asc,tprice_2011_11_24_15_12_25_305_59_1.asc,lu_s_2011_11_24_15_12_25_293_59_1.asc,tprice_2011_11_24_15_12_25_308_59_1.asc,trans_2011_11_24_15_06_01_494.csv
258,52,1,0,61,61,31,31,400,3721,2,1,2,160,0,4000,400,100,0.5,0.5,0.75,54,lu_s_2011_11_24_15_18_56_552_54_1.asc,tprice_2011_11_24_15_18_56_590_54_1.asc,lu_s_2011_11_24_15_18_56_587_54_1.asc,tprice_2011_11_24_15_18_56_593_54_1.asc,trans_2011_11_24_15_12_25_322.csv
259,52,1,0,61,61,31,31,400,3721,2,1,2,160,10,4000,400,100,0.5,0,0.75,65,lu_s_2011_11_24_15_29_02_818_65_1.asc,tprice_2011_11_24_15_29_02_854_65_1.asc,lu_s_2011_11_24_15_29_02_852_65_1.asc,tprice_2011_11_24_15_29_02_859_65_1.asc,trans_2011_11_24_15_18_56_600.csv
260,52,1,0,61,61,31,31,400,3721,2,1,2,160,10,4000,400,100,0.5,0.1,0.75,54,lu_s_2011_11_24_15_38_29_819_54_1.asc,tprice_2011_11_24_15_38_29_859_54_1.asc,lu_s_2011_11_24_15_38_29_857_54_1.asc,tprice_2011_11_24_15_38_29_862_54_1.asc,trans_2011_11_24_15_29_02_868.csv
261,52,1,0,61,61,31,31,400,3721,2,1,2,160,10,4000,400,100,0.5,0.2,0.75,57,lu_s_2011_11_24_15_48_04_700_57_1.asc,tprice_2011_11_24_15_48_04_766_57_1.asc,lu_s_2011_11_24_15_48_04_735_57_1.asc,tprice_2011_11_24_15_48_04_769_57_1.asc,trans_2011_11_24_15_38_29_867.csv
262,52,1,0,61,61,31,31,400,3721,2,1,2,160,10,4000,400,100,0.5,0.3,0.75,50,lu_s_2011_11_24_15_56_03_358_50_1.asc,tprice_2011_11_24_15_56_03_397_50_1.asc,lu_s_2011_11_24_15_56_03_394_50_1.asc,tprice_2011_11_24_15_56_03_400_50_1.asc,trans_2011_11_24_15_48_04_790.csv
263,52,1,0,61,61,31,31,400,3721,2,1,2,160,10,4000,400,100,0.5,0.4,0.75,60,lu_s_2011_11_24_16_04_45_240_60_1.asc,tprice_2011_11_24_16_04_45_293_60_1.asc,lu_s_2011_11_24_16_04_45_271_60_1.asc,tprice_2011_11_24_16_04_45_296_60_1.asc,trans_2011_11_24_15_56_03_407.csv
264,52,1,0,61,61,31,31,400,3721,2,1,2,160,10,4000,400,100,0.5,0.5,0.75,58,lu_s_2011_11_24_16_13_22_861_58_1.asc,tprice_2011_11_24_16_13_22_892_58_1.asc,lu_s_2011_11_24_16_13_22_890_58_1.asc,tprice_2011_11_24_16_13_22_896_58_1.asc,trans_2011_11_24_16_04_45_302.csv
265,52,1,0,61,61,31,31,400,3721,2,1,2,160,20,4000,400,100,0.5,0,0.75,72,lu_s_2011_11_24_16_23_52_739_72_1.asc,tprice_2011_11_24_16_23_52_772_72_1.asc,lu_s_2011_11_24_16_23_52_769_72_1.asc,tprice_2011_11_24_16_23_52_776_72_1.asc,trans_2011_11_24_16_13_22_903.csv
266,52,1,0,61,61,31,31,400,3721,2,1,2,160,20,4000,400,100,0.5,0.1,0.75,59,lu_s_2011_11_24_16_34_52_924_59_1.asc,tprice_2011_11_24_16_34_52_957_59_1.asc,lu_s_2011_11_24_16_34_52_955_59_1.asc,tprice_2011_11_24_16_34_52_979_59_1.asc,trans_2011_11_24_16_23_52_784.csv
267,52,1,0,61,61,31,31,400,3721,2,1,2,160,20,4000,400,100,0.5,0.2,0.75,60,lu_s_2011_11_24_16_46_14_698_60_1.asc,tprice_2011_11_24_16_46_14_736_60_1.asc,lu_s_2011_11_24_16_46_14_734_60_1.asc,tprice_2011_11_24_16_46_14_742_60_1.asc,trans_2011_11_24_16_34_52_990.csv
268,52,1,0,61,61,31,31,400,3721,2,1,2,160,20,4000,400,100,0.5,0.3,0.75,49,lu_s_2011_11_24_16_55_00_192_49_1.asc,tprice_2011_11_24_16_55_00_226_49_1.asc,lu_s_2011_11_24_16_55_00_194_49_1.asc,tprice_2011_11_24_16_55_00_229_49_1.asc,trans_2011_11_24_16_46_14_753.csv
269,52,1,0,61,61,31,31,400,3721,2,1,2,160,20,4000,400,100,0.5,0.4,0.75,53,lu_s_2011_11_24_17_04_41_514_53_1.asc,tprice_2011_11_24_17_04_41_544_53_1.asc,lu_s_2011_11_24_17_04_41_541_53_1.asc,tprice_2011_11_24_17_04_41_548_53_1.asc,trans_2011_11_24_16_55_00_237.csv
270,52,1,0,61,61,31,31,400,3721,2,1,2,160,20,4000,400,100,0.5,0.5,0.75,59,lu_s_2011_11_24_17_16_27_236_59_1.asc,tprice_2011_11_24_17_16_27_243_59_1.asc,lu_s_2011_11_24_17_16_27_238_59_1.asc,tprice_2011_11_24_17_16_27_280_59_1.asc,trans_2011_11_24_17_04_41_558.csv
271,52,1,0,61,61,31,31,400,3721,2,1,2,160,30,4000,400,100,0.5,0,0.75,96,lu_s_2011_11_24_17_32_47_228_96_1.asc,tprice_2011_11_24_17_32_47_263_96_1.asc,lu_s_2011_11_24_17_32_47_259_96_1.asc,tprice_2011_11_24_17_32_47_265_96_1.asc,trans_2011_11_24_17_16_27_290.csv
272,52,1,0,61,61,31,31,400,3721,2,1,2,160,30,4000,400,100,0.5,0.1,0.75,55,lu_s_2011_11_24_17_44_01_621_55_1.asc,tprice_2011_11_24_17_44_01_658_55_1.asc,lu_s_2011_11_24_17_44_01_656_55_1.asc,tprice_2011_11_24_17_44_01_662_55_1.asc,trans_2011_11_24_17_32_47_284.csv
273,52,1,0,61,61,31,31,400,3721,2,1,2,160,30,4000,400,100,0.5,0.2,0.75,65,lu_s_2011_11_24_17_56_41_667_65_1.asc,tprice_2011_11_24_17_56_41_698_65_1.asc,lu_s_2011_11_24_17_56_41_696_65_1.asc,tprice_2011_11_24_17_56_41_701_65_1.asc,trans_2011_11_24_17_44_01_668.csv
274,52,1,0,61,61,31,31,400,3721,2,1,2,160,30,4000,400,100,0.5,0.3,0.75,65,lu_s_2011_11_24_18_10_18_037_65_1.asc,tprice_2011_11_24_18_10_18_083_65_1.asc,lu_s_2011_11_24_18_10_18_039_65_1.asc,tprice_2011_11_24_18_10_18_124_65_1.asc,trans_2011_11_24_17_56_41_711.csv
275,52,1,0,61,61,31,31,400,3721,2,1,2,160,30,4000,400,100,0.5,0.4,0.75,54,lu_s_2011_11_24_18_20_53_567_54_1.asc,tprice_2011_11_24_18_20_53_642_54_1.asc,lu_s_2011_11_24_18_20_53_635_54_1.asc,tprice_2011_11_24_18_20_53_656_54_1.asc,trans_2011_11_24_18_10_18_155.csv
276,52,1,0,61,61,31,31,400,3721,2,1,2,160,30,4000,400,100,0.5,0.5,0.75,54,lu_s_2011_11_24_18_31_48_815_54_1.asc,tprice_2011_11_24_18_31_48_851_54_1.asc,lu_s_2011_11_24_18_31_48_849_54_1.asc,tprice_2011_11_24_18_31_48_854_54_1.asc,trans_2011_11_24_18_20_53_666.csv
277,52,1,0,61,61,31,31,400,3721,2,1,2,160,40,4000,400,100,0.5,0,0.75,121,lu_s_2011_11_24_18_58_39_122_121_1.asc,tprice_2011_11_24_18_58_39_126_121_1.asc,lu_s_2011_11_24_18_58_39_124_121_1.asc,tprice_2011_11_24_18_58_39_129_121_1.asc,trans_2011_11_24_18_31_48_862.csv
278,52,1,0,61,61,31,31,400,3721,2,1,2,160,40,4000,400,100,0.5,0.1,0.75,60,lu_s_2011_11_24_19_14_49_580_60_1.asc,tprice_2011_11_24_19_14_49_584_60_1.asc,lu_s_2011_11_24_19_14_49_582_60_1.asc,tprice_2011_11_24_19_14_49_586_60_1.asc,trans_2011_11_24_18_58_39_207.csv
279,52,1,0,61,61,31,31,400,3721,2,1,2,160,40,4000,400,100,0.5,0.2,0.75,67,lu_s_2011_11_24_19_28_41_969_67_1.asc,tprice_2011_11_24_19_28_41_973_67_1.asc,lu_s_2011_11_24_19_28_41_971_67_1.asc,tprice_2011_11_24_19_28_41_976_67_1.asc,trans_2011_11_24_19_14_49_592.csv
280,52,1,0,61,61,31,31,400,3721,2,1,2,160,40,4000,400,100,0.5,0.3,0.75,59,lu_s_2011_11_24_19_40_55_723_59_1.asc,tprice_2011_11_24_19_40_55_727_59_1.asc,lu_s_2011_11_24_19_40_55_725_59_1.asc,tprice_2011_11_24_19_40_55_730_59_1.asc,trans_2011_11_24_19_28_41_982.csv
281,52,1,0,61,61,31,31,400,3721,2,1,2,160,40,4000,400,100,0.5,0.4,0.75,49,lu_s_2011_11_24_19_51_26_950_49_1.asc,tprice_2011_11_24_19_51_26_954_49_1.asc,lu_s_2011_11_24_19_51_26_952_49_1.asc,tprice_2011_11_24_19_51_26_956_49_1.asc,trans_2011_11_24_19_40_55_736.csv
282,52,1,0,61,61,31,31,400,3721,2,1,2,160,40,4000,400,100,0.5,0.5,0.75,58,lu_s_2011_11_24_20_03_26_795_58_1.asc,tprice_2011_11_24_20_03_26_800_58_1.asc,lu_s_2011_11_24_20_03_26_797_58_1.asc,tprice_2011_11_24_20_03_26_802_58_1.asc,trans_2011_11_24_19_51_26_966.csv
283,52,1,0,61,61,31,31,400,3721,2,1,2,160,50,4000,400,100,0.5,0,0.75,67,lu_s_2011_11_24_20_14_59_265_67_1.asc,tprice_2011_11_24_20_14_59_269_67_1.asc,lu_s_2011_11_24_20_14_59_267_67_1.asc,tprice_2011_11_24_20_14_59_271_67_1.asc,trans_2011_11_24_20_03_26_832.csv
284,52,1,0,61,61,31,31,400,3721,2,1,2,160,50,4000,400,100,0.5,0.1,0.75,62,lu_s_2011_11_24_20_27_35_900_62_1.asc,tprice_2011_11_24_20_27_35_905_62_1.asc,lu_s_2011_11_24_20_27_35_902_62_1.asc,tprice_2011_11_24_20_27_35_907_62_1.asc,trans_2011_11_24_20_14_59_286.csv
285,52,1,0,61,61,31,31,400,3721,2,1,2,160,50,4000,400,100,0.5,0.2,0.75,63,lu_s_2011_11_24_20_40_26_907_63_1.asc,tprice_2011_11_24_20_40_26_911_63_1.asc,lu_s_2011_11_24_20_40_26_909_63_1.asc,tprice_2011_11_24_20_40_26_913_63_1.asc,trans_2011_11_24_20_27_35_914.csv
286,52,1,0,61,61,31,31,400,3721,2,1,2,160,50,4000,400,100,0.5,0.3,0.75,62,lu_s_2011_11_24_20_53_00_327_62_1.asc,tprice_2011_11_24_20_53_00_332_62_1.asc,lu_s_2011_11_24_20_53_00_329_62_1.asc,tprice_2011_11_24_20_53_00_334_62_1.asc,trans_2011_11_24_20_40_26_923.csv
287,52,1,0,61,61,31,31,400,3721,2,1,2,160,50,4000,400,100,0.5,0.4,0.75,60,lu_s_2011_11_24_21_05_21_497_60_1.asc,tprice_2011_11_24_21_05_21_501_60_1.asc,lu_s_2011_11_24_21_05_21_499_60_1.asc,tprice_2011_11_24_21_05_21_503_60_1.asc,trans_2011_11_24_20_53_00_345.csv
288,52,1,0,61,61,31,31,400,3721,2,1,2,160,50,4000,400,100,0.5,0.5,0.75,59,lu_s_2011_11_24_21_17_52_568_59_1.asc,tprice_2011_11_24_21_17_52_572_59_1.asc,lu_s_2011_11_24_21_17_52_570_59_1.asc,tprice_2011_11_24_21_17_52_574_59_1.asc,trans_2011_11_24_21_05_21_509.csv